dataset_id,source_bundle,path_role,generator_source,bundle_path,scenario_id,scenario_name,attack_family,raw_attack_family,affected_assets,affected_signals,target_component,target_asset,target_signal,severity,accepted_rejected,repair_applied,repair_origin_status,validation_notes,numeric_magnitude,magnitude_unit,observable_signal_count,additional_target_count,source_generator_bundle,replay_evaluated,replay_detected,replay_latency_seconds,replay_first_detection_time,replay_max_score,replay_mean_score,replay_positive_windows,replay_evaluation_dir,metadata_completeness_ratio,severity_numeric
human_authored_phase3_bundle_v1,additional_heldout_human_authored,extension experiments,human_authored,outputs\window_size_study\improved_phase3\additional_source\human_authored\benchmark_bundle.json,human_coord_pv83_bess48_evening,Human-authored Coordinated PV83 Curtailment and BESS48 Override,coordinated_campaign,coordinated_multi_asset,"[""bess48"", ""pv83""]","[""bess_bess48_target_kw"", ""pv_pv83_curtailment_frac""]",pv,pv83,curtailment_frac,critical,accepted,False,,Human-authored additional heldout bundle evaluated through the replay path.,0.8,fraction,6,1,outputs\window_size_study\improved_phase3\additional_source\human_authored\benchmark_bundle.json,True,1,1.0,2025-06-01T18:30:01+00:00,0.04744728908925546,0.013170627897823233,48,outputs\window_size_study\improved_phase3\evaluations\human_authored__human_authored_heldout__human_authored_phase3_bundle_v1,1.0,1.0
human_authored_phase3_bundle_v1,additional_heldout_human_authored,extension experiments,human_authored,outputs\window_size_study\improved_phase3\additional_source\human_authored\benchmark_bundle.json,human_delay_bess48_target_kw,Human-authored BESS48 Dispatch Delay,command_delay,command_delay,"[""bess48""]","[""bess_bess48_target_kw""]",bess,bess48,target_kw,critical,accepted,False,,Human-authored additional heldout bundle evaluated through the replay path.,180.0,kW,3,0,outputs\window_size_study\improved_phase3\additional_source\human_authored\benchmark_bundle.json,True,1,1.0,2025-06-01T04:30:01+00:00,0.047691204328163414,0.015110653104289206,56,outputs\window_size_study\improved_phase3\evaluations\human_authored__human_authored_heldout__human_authored_phase3_bundle_v1,1.0,1.0
human_authored_phase3_bundle_v1,additional_heldout_human_authored,extension experiments,human_authored,outputs\window_size_study\improved_phase3\additional_source\human_authored\benchmark_bundle.json,human_disconnect_bess108_standby,Human-authored BESS108 Standby Forcing,degradation,DER_disconnect,"[""bess108""]","[""bess_bess108_mode_cmd""]",bess,bess108,mode_cmd,low,accepted,False,,Human-authored additional heldout bundle evaluated through the replay path.,0.0,mode,3,0,outputs\window_size_study\improved_phase3\additional_source\human_authored\benchmark_bundle.json,True,1,1.0,2025-06-01T12:00:01+00:00,0.04764875217400298,0.005158137021142187,16,outputs\window_size_study\improved_phase3\evaluations\human_authored__human_authored_heldout__human_authored_phase3_bundle_v1,1.0,0.25
human_authored_phase3_bundle_v1,additional_heldout_human_authored,extension experiments,human_authored,outputs\window_size_study\improved_phase3\additional_source\human_authored\benchmark_bundle.json,human_fdi_bus114_voltage_dropout,Human-authored Bus114 Voltage Dropout,false_data_injection,false_data_injection,"[""bus114""]","[""bus_114_v_pu_phase_a""]",measured_layer,bus114,bus_114_v_pu_phase_a,critical,accepted,False,,Human-authored additional heldout bundle evaluated through the replay path.,1.0,scale,2,0,outputs\window_size_study\improved_phase3\additional_source\human_authored\benchmark_bundle.json,True,1,1.0,2025-06-01T01:10:01+00:00,0.04763760434758521,0.0055873481404283805,16,outputs\window_size_study\improved_phase3\evaluations\human_authored__human_authored_heldout__human_authored_phase3_bundle_v1,1.0,1.0
human_authored_phase3_bundle_v1,additional_heldout_human_authored,extension experiments,human_authored,outputs\window_size_study\improved_phase3\additional_source\human_authored\benchmark_bundle.json,human_oscillate_c90b_state,Human-authored C90B Oscillatory Switching,unauthorized_command,oscillatory_control,"[""c90b""]","[""capacitor_c90b_state""]",capacitor,c90b,state,critical,accepted,False,,Human-authored additional heldout bundle evaluated through the replay path.,1.0,state,3,0,outputs\window_size_study\improved_phase3\additional_source\human_authored\benchmark_bundle.json,True,1,1.0,2025-06-01T15:45:01+00:00,0.04766176608667906,0.005045237526167621,16,outputs\window_size_study\improved_phase3\evaluations\human_authored__human_authored_heldout__human_authored_phase3_bundle_v1,1.0,1.0
human_authored_phase3_bundle_v1,additional_heldout_human_authored,extension experiments,human_authored,outputs\window_size_study\improved_phase3\additional_source\human_authored\benchmark_bundle.json,human_suppress_pv60_curtailment,Human-authored PV60 Curtailment Suppression,command_suppression,command_suppression,"[""pv60""]","[""pv_pv60_curtailment_frac""]",pv,pv60,curtailment_frac,low,accepted,False,,Human-authored additional heldout bundle evaluated through the replay path.,0.0,fraction,3,0,outputs\window_size_study\improved_phase3\additional_source\human_authored\benchmark_bundle.json,True,1,1.0,2025-06-01T07:30:01+00:00,0.04764189781038146,0.0054454844093320106,16,outputs\window_size_study\improved_phase3\evaluations\human_authored__human_authored_heldout__human_authored_phase3_bundle_v1,1.0,0.25
ieee123_der_research_attacks_13scenario,canonical_bundle,canonical benchmark path,canonical_bundle,outputs\attacked\scenario_manifest.json,scn_command_delay_bess48_recharge,Delayed BESS48 Recharge Command,command_delay,command_delay,"[""bess48""]","[""bess_bess48_target_kw""]",bess,bess48,target_kw,high,accepted,False,,Canonical validated attacked bundle.,,kW,3,0,outputs/attacked/scenario_manifest.json,True,1,1.0,2025-06-01T10:00:01+00:00,0.047667815815597744,0.014088448370882502,51,outputs\window_size_study\improved_phase3\evaluations\canonical_bundle__canonical_bundle_replay__ieee123_der_research_attacks_13scenario,1.0,0.75
ieee123_der_research_attacks_13scenario,canonical_bundle,canonical benchmark path,canonical_bundle,outputs\attacked\scenario_manifest.json,scn_command_delay_creg3a,Delayed CREG3A Voltage-Regulation Command,command_delay,command_delay,"[""creg3a""]","[""regulator_creg3a_vreg""]",regulator,creg3a,vreg,high,accepted,False,,Canonical validated attacked bundle.,124.5,volts,3,0,outputs/attacked/scenario_manifest.json,True,1,1.0,2025-06-01T12:00:01+00:00,0.04765186085694057,0.012850918183116091,45,outputs\window_size_study\improved_phase3\evaluations\canonical_bundle__canonical_bundle_replay__ieee123_der_research_attacks_13scenario,1.0,0.75
ieee123_der_research_attacks_13scenario,canonical_bundle,canonical benchmark path,canonical_bundle,outputs\attacked\scenario_manifest.json,scn_command_suppression_bess108_charge,Suppressed BESS108 Charge Command,command_suppression,command_suppression,"[""bess108""]","[""bess_bess108_target_kw""]",bess,bess108,target_kw,high,accepted,False,,Canonical validated attacked bundle.,,kW,3,0,outputs/attacked/scenario_manifest.json,True,1,13.0,2025-06-01T02:30:13+00:00,0.04767496281073356,0.015199096653653299,61,outputs\window_size_study\improved_phase3\evaluations\canonical_bundle__canonical_bundle_replay__ieee123_der_research_attacks_13scenario,1.0,0.75
ieee123_der_research_attacks_13scenario,canonical_bundle,canonical benchmark path,canonical_bundle,outputs\attacked\scenario_manifest.json,scn_coordinated_pv35_bess48_dispatch_disturbance,Coordinated PV35 Curtailment and BESS48 Dispatch Shift,coordinated_campaign,coordinated_campaign,"[""bess48"", ""pv35""]","[""bess_bess48_target_kw"", ""pv_pv35_curtailment_frac""]",pv,pv35,curtailment_frac,critical,accepted,False,,Canonical validated attacked bundle.,0.55,fraction,4,1,outputs/attacked/scenario_manifest.json,True,1,1.0,2025-06-01T15:30:01+00:00,0.04765496973254499,0.016886259104592218,62,outputs\window_size_study\improved_phase3\evaluations\canonical_bundle__canonical_bundle_replay__ieee123_der_research_attacks_13scenario,1.0,1.0
ieee123_der_research_attacks_13scenario,canonical_bundle,canonical benchmark path,canonical_bundle,outputs\attacked\scenario_manifest.json,scn_coordinated_pv83_reg4a_disturbance,Coordinated PV83 Curtailment and Regulator Shift,coordinated_campaign,coordinated_campaign,"[""creg4a"", ""pv83""]","[""pv_pv83_curtailment_frac"", ""regulator_creg4a_vreg""]",pv,pv83,curtailment_frac,critical,accepted,False,,Canonical validated attacked bundle.,0.75,fraction,4,1,outputs/attacked/scenario_manifest.json,True,1,13.0,2025-06-01T13:00:13+00:00,0.04757288835682794,0.019592134096318006,90,outputs\window_size_study\improved_phase3\evaluations\canonical_bundle__canonical_bundle_replay__ieee123_der_research_attacks_13scenario,1.0,1.0
ieee123_der_research_attacks_13scenario,canonical_bundle,canonical benchmark path,canonical_bundle,outputs\attacked\scenario_manifest.json,scn_degradation_bess108_status_loss,BESS108 Availability Degradation,degradation,degradation,"[""bess108""]","[""bess_bess108_status_cmd""]",bess,bess108,status_cmd,medium,accepted,False,,Canonical validated attacked bundle.,0.0,flag,3,0,outputs/attacked/scenario_manifest.json,True,1,1.0,2025-06-01T16:45:01+00:00,0.04731664025329801,0.014874781186927907,16,outputs\window_size_study\improved_phase3\evaluations\canonical_bundle__canonical_bundle_replay__ieee123_der_research_attacks_13scenario,1.0,0.5
ieee123_der_research_attacks_13scenario,canonical_bundle,canonical benchmark path,canonical_bundle,outputs\attacked\scenario_manifest.json,scn_degradation_feeder_power_dropout,Feeder Power Telemetry Degradation,degradation,degradation,"[""feeder""]","[""feeder_p_kw_total""]",measured_layer,feeder,feeder_p_kw_total,medium,accepted,False,,Canonical validated attacked bundle.,,flag,1,0,outputs/attacked/scenario_manifest.json,True,1,1.0,2025-06-01T04:40:01+00:00,0.04760609700014997,0.005479139316848583,16,outputs\window_size_study\improved_phase3\evaluations\canonical_bundle__canonical_bundle_replay__ieee123_der_research_attacks_13scenario,1.0,0.5
ieee123_der_research_attacks_13scenario,canonical_bundle,canonical benchmark path,canonical_bundle,outputs\attacked\scenario_manifest.json,scn_false_data_injection_bess48_soc_bias,BESS48 SOC Telemetry Bias,false_data_injection,false_data_injection,"[""bess48""]","[""bess_bess48_soc""]",measured_layer,bess48,soc,low,accepted,False,,Canonical validated attacked bundle.,-0.08,per_unit,3,0,outputs/attacked/scenario_manifest.json,True,1,1.0,2025-06-01T05:20:01+00:00,0.04757462934795871,0.005216092397296824,15,outputs\window_size_study\improved_phase3\evaluations\canonical_bundle__canonical_bundle_replay__ieee123_der_research_attacks_13scenario,1.0,0.25
ieee123_der_research_attacks_13scenario,canonical_bundle,canonical benchmark path,canonical_bundle,outputs\attacked\scenario_manifest.json,scn_false_data_injection_pv60_voltage,PV60 False Voltage Telemetry Injection,false_data_injection,false_data_injection,"[""pv60""]","[""pv_pv60_terminal_v_pu""]",measured_layer,pv60,terminal_v_pu,medium,accepted,False,,Canonical validated attacked bundle.,0.025,pu,2,0,outputs/attacked/scenario_manifest.json,True,1,1.0,2025-06-01T01:00:01+00:00,0.04765160179267044,0.0054745348766591755,16,outputs\window_size_study\improved_phase3\evaluations\canonical_bundle__canonical_bundle_replay__ieee123_der_research_attacks_13scenario,1.0,0.5
ieee123_der_research_attacks_13scenario,canonical_bundle,canonical benchmark path,canonical_bundle,outputs\attacked\scenario_manifest.json,scn_pv60_curtailment_inconsistency,PV60 Curtailment Inconsistency,telemetry_corruption,telemetry_corruption,"[""pv60""]","[""pv_pv60_curtailment_frac""]",pv,pv60,curtailment_frac,high,accepted,False,,Canonical validated attacked bundle.,0.65,fraction,4,0,outputs/attacked/scenario_manifest.json,True,1,13.0,2025-06-01T12:15:13+00:00,0.04765186085694057,0.022663782872639305,107,outputs\window_size_study\improved_phase3\evaluations\canonical_bundle__canonical_bundle_replay__ieee123_der_research_attacks_13scenario,1.0,0.75
ieee123_der_research_attacks_13scenario,canonical_bundle,canonical benchmark path,canonical_bundle,outputs\attacked\scenario_manifest.json,scn_replay_bus83_voltage,Bus 83 Voltage Replay,replay,replay,"[""bus83""]","[""bus_83_v_pu_phase_a""]",measured_layer,bus83,bus_83_v_pu_phase_a,medium,accepted,False,,Canonical validated attacked bundle.,1.0,scale,2,0,outputs/attacked/scenario_manifest.json,True,1,1.0,2025-06-01T01:35:01+00:00,0.047649768452997135,0.005576839911612789,16,outputs\window_size_study\improved_phase3\evaluations\canonical_bundle__canonical_bundle_replay__ieee123_der_research_attacks_13scenario,1.0,0.5
ieee123_der_research_attacks_13scenario,canonical_bundle,canonical benchmark path,canonical_bundle,outputs\attacked\scenario_manifest.json,scn_unauthorized_bess48_discharge,Unauthorized BESS48 Discharge Command,unauthorized_command,unauthorized_command,"[""bess48""]","[""bess_bess48_target_kw""]",bess,bess48,target_kw,high,accepted,False,,Canonical validated attacked bundle.,420.0,kW,3,0,outputs/attacked/scenario_manifest.json,True,1,1.0,2025-06-01T02:00:01+00:00,0.04768819291951287,0.01547912695454257,63,outputs\window_size_study\improved_phase3\evaluations\canonical_bundle__canonical_bundle_replay__ieee123_der_research_attacks_13scenario,1.0,0.75
ieee123_der_research_attacks_13scenario,canonical_bundle,canonical benchmark path,canonical_bundle,outputs\attacked\scenario_manifest.json,scn_unauthorized_capacitor_c83_drop,Unauthorized C83 Capacitor Dropout,unauthorized_command,unauthorized_command,"[""c83""]","[""capacitor_c83_state""]",capacitor,c83,state,medium,accepted,False,,Canonical validated attacked bundle.,0.0,state,3,0,outputs/attacked/scenario_manifest.json,True,1,13.0,2025-06-01T10:30:13+00:00,0.04758456907930243,0.005176789904635566,15,outputs\window_size_study\improved_phase3\evaluations\canonical_bundle__canonical_bundle_replay__ieee123_der_research_attacks_13scenario,1.0,0.5
phase2_zero_day_like_bundle_2026_04_15_c,heldout_original_chatgpt,heldout replay path,chatgpt,phase2_llm_benchmark\heldout_llm_response\chatgpt\new_respnse.json,scn_cmd_delay_creg4b_vreg_ramp,Delayed CREG4B Voltage Regulation Ramp,command_delay,command_delay,"[""creg4b""]","[""vreg"", ""regulator_creg4b_tap_pos"", ""bus_150_v_pu_phase_a"", ""bus_150_v_pu_phase_b"", ""bus_150_v_pu_phase_c""]",regulator,creg4b,vreg,,rejected,False,,"scn_cmd_delay_creg4b_vreg_ramp: magnitude.value=2.5 is outside bounds [110.0, 130.0] for creg4b:vreg.; scn_cmd_delay_creg4b_vreg_ramp: canonical Phase-2 validation failed: Scenario scn_cmd_delay_creg4b_vreg_ramp magnitude 2.5 for creg4b:vreg is outside bounds [110.0, 130.0].",2.5,V,4,0,phase2_llm_benchmark\heldout_llm_response\chatgpt\new_respnse.json,False,,,,,,,,0.9166666666666666,
phase2_zero_day_like_bundle_2026_04_15_c,heldout_original_chatgpt,heldout replay path,chatgpt,phase2_llm_benchmark\heldout_llm_response\chatgpt\new_respnse.json,scn_cmd_delay_pv60_curtailment_release,Delayed PV60 Curtailment Release,command_delay,command_delay,"[""pv60""]","[""pv_pv60_curtailment_frac""]",pv,pv60,curtailment_frac,high,accepted,False,,Accepted after canonical validation.,0.3,fraction,4,0,phase2_llm_benchmark\heldout_llm_response\chatgpt\new_respnse.json,True,1,1.0,2025-06-01T06:00:01+00:00,0.04692250994034718,0.010615552527772722,36,outputs\window_size_study\improved_phase3\evaluations\chatgpt__existing_heldout_phase2_bundle__phase2_zero_day_like_bundle_2026_04_15_c,1.0,0.75
phase2_zero_day_like_bundle_2026_04_15_c,heldout_original_chatgpt,heldout replay path,chatgpt,phase2_llm_benchmark\heldout_llm_response\chatgpt\new_respnse.json,scn_cmd_suppress_bess48_discharge_hold,BESS48 Discharge Suppression Hold,command_suppression,command_suppression,"[""bess48""]","[""bess_bess48_target_kw""]",bess,bess48,target_kw,critical,accepted,False,,Accepted after canonical validation.,180.0,kW,4,0,phase2_llm_benchmark\heldout_llm_response\chatgpt\new_respnse.json,True,1,1.0,2025-06-01T11:00:01+00:00,0.04768990800428369,0.014995154098474682,58,outputs\window_size_study\improved_phase3\evaluations\chatgpt__existing_heldout_phase2_bundle__phase2_zero_day_like_bundle_2026_04_15_c,1.0,1.0
phase2_zero_day_like_bundle_2026_04_15_c,heldout_original_chatgpt,heldout replay path,chatgpt,phase2_llm_benchmark\heldout_llm_response\chatgpt\new_respnse.json,scn_coord_pv60_bess48_misaligned_support,PV60 Curtailment Increase with Delayed BESS48 Support,coordinated_campaign,coordinated_multi_asset,"[""bess48"", ""pv60""]","[""bess_bess48_target_kw"", ""pv_pv60_curtailment_frac""]",pv,pv60,curtailment_frac,high,accepted,False,,Accepted after canonical validation.,0.35,fraction,7,1,phase2_llm_benchmark\heldout_llm_response\chatgpt\new_respnse.json,True,1,1.0,2025-06-01T23:00:01+00:00,0.047208697367415786,0.016345412694160018,72,outputs\window_size_study\improved_phase3\evaluations\chatgpt__existing_heldout_phase2_bundle__phase2_zero_day_like_bundle_2026_04_15_c,1.0,0.75
phase2_zero_day_like_bundle_2026_04_15_c,heldout_original_chatgpt,heldout replay path,chatgpt,phase2_llm_benchmark\heldout_llm_response\chatgpt\new_respnse.json,scn_der_disconnect_bess108_standby_ramp,BESS108 Standby Transition,degradation,DER_disconnect,"[""bess108""]","[""mode_cmd"", ""bess_bess108_p_kw"", ""bess_bess108_mode"", ""bess_bess108_soc"", ""bus_108_v_pu_phase_a"", ""feeder_p_kw_total""]",bess,bess108,mode_cmd,,rejected,False,,scn_der_disconnect_bess108_standby_ramp: bess108:mode_cmd requires magnitude.text from the shared allowed_text list.; scn_der_disconnect_bess108_standby_ramp: canonical Phase-2 validation failed: Scenario scn_der_disconnect_bess108_standby_ramp uses invalid text value None for bess108:mode_cmd.,1.0,mode_step,5,0,phase2_llm_benchmark\heldout_llm_response\chatgpt\new_respnse.json,False,,,,,,,,0.9166666666666666,
phase2_zero_day_like_bundle_2026_04_15_c,heldout_original_chatgpt,heldout replay path,chatgpt,phase2_llm_benchmark\heldout_llm_response\chatgpt\new_respnse.json,scn_der_disconnect_pv83_status_trip,PV83 Availability Loss,degradation,DER_disconnect,"[""pv83""]","[""pv_pv83_status_cmd""]",pv,pv83,status_cmd,critical,accepted,False,,Accepted after canonical validation.,1.0,state,4,0,phase2_llm_benchmark\heldout_llm_response\chatgpt\new_respnse.json,True,1,1.0,2025-06-01T13:30:01+00:00,0.047625542780138225,0.005480627446790066,16,outputs\window_size_study\improved_phase3\evaluations\chatgpt__existing_heldout_phase2_bundle__phase2_zero_day_like_bundle_2026_04_15_c,1.0,1.0
phase2_zero_day_like_bundle_2026_04_15_c,heldout_original_chatgpt,heldout replay path,chatgpt,phase2_llm_benchmark\heldout_llm_response\chatgpt\new_respnse.json,scn_fdi_bus150_voltage_dropout,Bus150 Phase-C Voltage Dropout,false_data_injection,false_data_injection,"[""bus150""]","[""bus_150_v_pu_phase_c""]",measured_layer,bus150,bus_150_v_pu_phase_c,critical,accepted,False,,Accepted after canonical validation.,1.0,scale,3,0,phase2_llm_benchmark\heldout_llm_response\chatgpt\new_respnse.json,True,1,1.0,2025-06-01T03:30:01+00:00,0.04766215476232704,0.0056115910260899045,16,outputs\window_size_study\improved_phase3\evaluations\chatgpt__existing_heldout_phase2_bundle__phase2_zero_day_like_bundle_2026_04_15_c,1.0,1.0
phase2_zero_day_like_bundle_2026_04_15_c,heldout_original_chatgpt,heldout replay path,chatgpt,phase2_llm_benchmark\heldout_llm_response\chatgpt\new_respnse.json,scn_fdi_pv35_qvar_step_bias,PV35 Reactive Power Step Bias,false_data_injection,false_data_injection,"[""pv35""]","[""pv_pv35_q_kvar""]",measured_layer,pv35,q_kvar,critical,accepted,False,,Accepted after canonical validation.,70.0,kvar,3,0,phase2_llm_benchmark\heldout_llm_response\chatgpt\new_respnse.json,True,1,1.0,2025-06-01T01:03:01+00:00,0.047645225247819084,0.0057146408312662034,16,outputs\window_size_study\improved_phase3\evaluations\chatgpt__existing_heldout_phase2_bundle__phase2_zero_day_like_bundle_2026_04_15_c,1.0,1.0
phase2_zero_day_like_bundle_2026_04_15_c,heldout_original_chatgpt,heldout replay path,chatgpt,phase2_llm_benchmark\heldout_llm_response\chatgpt\new_respnse.json,scn_osc_cap_c90b_reactive_toggle,C90B Repetitive Capacitor Toggling,unauthorized_command,oscillatory_control,"[""c90b""]","[""capacitor_c90b_state""]",capacitor,c90b,state,critical,accepted,False,,Accepted after canonical validation.,1.0,state,3,0,phase2_llm_benchmark\heldout_llm_response\chatgpt\new_respnse.json,True,1,1.0,2025-06-01T18:30:01+00:00,0.04765629504898799,0.005398582649560948,16,outputs\window_size_study\improved_phase3\evaluations\chatgpt__existing_heldout_phase2_bundle__phase2_zero_day_like_bundle_2026_04_15_c,1.0,1.0
phase2_zero_day_like_bundle_2026_04_15_c,heldout_original_chatgpt,heldout replay path,chatgpt,phase2_llm_benchmark\heldout_llm_response\chatgpt\new_respnse.json,scn_osc_sw3_state_dither,SW3 State Dither,unauthorized_command,oscillatory_control,"[""sw3""]","[""switch_sw3_state""]",switch,sw3,state,critical,accepted,False,,Accepted after canonical validation.,1.0,state,3,0,phase2_llm_benchmark\heldout_llm_response\chatgpt\new_respnse.json,True,1,1.0,2025-06-01T21:00:01+00:00,0.04766602175071149,0.005766599402640963,16,outputs\window_size_study\improved_phase3\evaluations\chatgpt__existing_heldout_phase2_bundle__phase2_zero_day_like_bundle_2026_04_15_c,1.0,1.0
claude_phase2_llm_benchmark_v2,heldout_original_claude,heldout replay path,claude,phase2_llm_benchmark\heldout_llm_response\claude\new_respnse.json,scn_cmd_delay_bess108_target_kw_ramp,BESS108 Discharge Ramp Command Delay,command_delay,command_delay,"[""bess108""]","[""bess_bess108_target_kw""]",bess,bess108,target_kw,critical,accepted,False,,Accepted after canonical validation.,280.0,kW,5,0,phase2_llm_benchmark\heldout_llm_response\claude\new_respnse.json,True,1,1.0,2025-06-01T06:30:01+00:00,0.04765467079382595,0.008274798543302146,17,outputs\window_size_study\improved_phase3\evaluations\claude__existing_heldout_phase2_bundle__claude_phase2_llm_benchmark_v2,1.0,1.0
claude_phase2_llm_benchmark_v2,heldout_original_claude,heldout replay path,claude,phase2_llm_benchmark\heldout_llm_response\claude\new_respnse.json,scn_cmd_delay_creg4b_vreg_step,Regulator creg4b Tap Command Step Delay,command_delay,command_delay,"[""creg4b""]","[""vreg"", ""regulator_creg4b_tap_pos"", ""regulator_creg4c_tap_pos"", ""bus_108_v_pu_phase_b"", ""bus_108_v_pu_phase_c"", ""derived_voltage_violation_count""]",regulator,creg4b,vreg,,rejected,False,,"scn_cmd_delay_creg4b_vreg_step: magnitude.value=3.0 is outside bounds [110.0, 130.0] for creg4b:vreg.; scn_cmd_delay_creg4b_vreg_step: canonical Phase-2 validation failed: Scenario scn_cmd_delay_creg4b_vreg_step magnitude 3.0 for creg4b:vreg is outside bounds [110.0, 130.0].",3.0,V,5,0,phase2_llm_benchmark\heldout_llm_response\claude\new_respnse.json,False,,,,,,,,0.9166666666666666,
claude_phase2_llm_benchmark_v2,heldout_original_claude,heldout replay path,claude,phase2_llm_benchmark\heldout_llm_response\claude\new_respnse.json,scn_cmd_suppression_pv60_status_freeze,PV60 Status Command Suppression Freeze,command_suppression,command_suppression,"[""pv60""]","[""pv_pv60_status_cmd""]",pv,pv60,status_cmd,critical,accepted,False,,Accepted after canonical validation.,1.0,flag,5,0,phase2_llm_benchmark\heldout_llm_response\claude\new_respnse.json,True,1,1.0,2025-06-01T15:00:01+00:00,0.047650535657641914,0.0049058293981012096,16,outputs\window_size_study\improved_phase3\evaluations\claude__existing_heldout_phase2_bundle__claude_phase2_llm_benchmark_v2,1.0,1.0
claude_phase2_llm_benchmark_v2,heldout_original_claude,heldout replay path,claude,phase2_llm_benchmark\heldout_llm_response\claude\new_respnse.json,scn_coordinated_pv83_bess48_evening_ramp_disruption,Coordinated PV83 Curtailment Override and BESS48 Charge Suppression at Evening Ramp,coordinated_campaign,coordinated_multi_asset,"[""pv83"", ""bess48""]","[""curtailment_frac"", ""target_kw"", ""pv_pv83_curtailment_frac"", ""pv_pv83_p_kw"", ""pv_pv83_q_kvar"", ""bess_bess48_p_kw"", ""bess_bess48_soc"", ""bus_83_v_pu_phase_a"", ""feeder_p_kw_total"", ""derived_feeder_ramp_kw_per_s"", ""derived_feeder_power_ma_60s_kw"", ""derived_voltage_violation_count""]",pv,pv83,curtailment_frac,,rejected,False,,scn_coordinated_pv83_bess48_evening_ramp_disruption.additional_targets[0]: injection_type=command_suppression is not allowed for family=coordinated_multi_asset.,0.85,fraction,10,1,phase2_llm_benchmark\heldout_llm_response\claude\new_respnse.json,False,,,,,,,,0.9166666666666666,
claude_phase2_llm_benchmark_v2,heldout_original_claude,heldout replay path,claude,phase2_llm_benchmark\heldout_llm_response\claude\new_respnse.json,scn_der_disconnect_bess108_mode_standby,BESS108 Forced Standby Mode Disconnect,degradation,DER_disconnect,"[""bess108""]","[""mode_cmd"", ""bess_bess108_p_kw"", ""bess_bess108_q_kvar"", ""bess_bess108_soc"", ""bess_bess108_mode"", ""bus_108_v_pu_phase_a"", ""feeder_p_kw_total"", ""derived_voltage_violation_count""]",bess,bess108,mode_cmd,,rejected,False,,scn_der_disconnect_bess108_mode_standby: bess108:mode_cmd requires magnitude.text from the shared allowed_text list.; scn_der_disconnect_bess108_mode_standby: canonical Phase-2 validation failed: Scenario scn_der_disconnect_bess108_mode_standby uses invalid text value None for bess108:mode_cmd.,1.0,flag,7,0,phase2_llm_benchmark\heldout_llm_response\claude\new_respnse.json,False,,,,,,,,0.9166666666666666,
claude_phase2_llm_benchmark_v2,heldout_original_claude,heldout replay path,claude,phase2_llm_benchmark\heldout_llm_response\claude\new_respnse.json,scn_fdi_bess48_terminal_i_stale_replay,BESS48 Terminal Current Replay Stale Injection,false_data_injection,false_data_injection,"[""bess48""]","[""bess_bess48_terminal_i_a""]",measured_layer,bess48,terminal_i_a,critical,accepted,False,,Accepted after canonical validation.,1.0,scale,5,0,phase2_llm_benchmark\heldout_llm_response\claude\new_respnse.json,True,1,1.0,2025-06-01T04:15:01+00:00,0.047629914887572115,0.005241529407164334,16,outputs\window_size_study\improved_phase3\evaluations\claude__existing_heldout_phase2_bundle__claude_phase2_llm_benchmark_v2,1.0,1.0
claude_phase2_llm_benchmark_v2,heldout_original_claude,heldout replay path,claude,phase2_llm_benchmark\heldout_llm_response\claude\new_respnse.json,scn_fdi_bus114_vpu_phase_a_dropout,Bus 114 Phase-A Voltage Telemetry Dropout,false_data_injection,false_data_injection,"[""bus114""]","[""bus_114_v_pu_phase_a""]",measured_layer,bus114,bus_114_v_pu_phase_a,low,accepted,False,,Accepted after canonical validation.,0.0,flag,5,0,phase2_llm_benchmark\heldout_llm_response\claude\new_respnse.json,True,1,1.0,2025-06-01T08:30:01+00:00,0.04765526867304543,0.005745309027930116,16,outputs\window_size_study\improved_phase3\evaluations\claude__existing_heldout_phase2_bundle__claude_phase2_llm_benchmark_v2,1.0,0.25
claude_phase2_llm_benchmark_v2,heldout_original_claude,heldout replay path,claude,phase2_llm_benchmark\heldout_llm_response\claude\new_respnse.json,scn_fdi_bus150_vpu_phase_c_ramp_bias,Bus 150 Phase-C Voltage Ramp Bias Injection,false_data_injection,false_data_injection,"[""bus150""]","[""bus_150_v_pu_phase_c""]",measured_layer,bus150,bus_150_v_pu_phase_c,low,accepted,False,,Accepted after canonical validation.,0.018,pu,5,0,phase2_llm_benchmark\heldout_llm_response\claude\new_respnse.json,True,1,1.0,2025-06-01T00:45:01+00:00,0.04764282429024552,0.005355480799384741,16,outputs\window_size_study\improved_phase3\evaluations\claude__existing_heldout_phase2_bundle__claude_phase2_llm_benchmark_v2,1.0,0.25
claude_phase2_llm_benchmark_v2,heldout_original_claude,heldout replay path,claude,phase2_llm_benchmark\heldout_llm_response\claude\new_respnse.json,scn_fdi_pv83_q_kvar_scale_step,PV83 Reactive Power Scale Inflation,false_data_injection,false_data_injection,"[""pv83""]","[""pv_pv83_q_kvar""]",measured_layer,pv83,q_kvar,medium,accepted,False,,Accepted after canonical validation.,0.15,fraction,5,0,phase2_llm_benchmark\heldout_llm_response\claude\new_respnse.json,True,1,1.0,2025-06-01T02:30:01+00:00,0.04765424231810187,0.005620151650418498,16,outputs\window_size_study\improved_phase3\evaluations\claude__existing_heldout_phase2_bundle__claude_phase2_llm_benchmark_v2,1.0,0.5
claude_phase2_llm_benchmark_v2,heldout_original_claude,heldout replay path,claude,phase2_llm_benchmark\heldout_llm_response\claude\new_respnse.json,scn_oscillatory_sw3_state_switching,Switch sw3 Oscillatory Open-Close Cycling,unauthorized_command,oscillatory_control,"[""sw3""]","[""switch_sw3_state""]",switch,sw3,state,critical,accepted,False,,Accepted after canonical validation.,1.0,flag,7,0,phase2_llm_benchmark\heldout_llm_response\claude\new_respnse.json,True,1,1.0,2025-06-01T21:00:01+00:00,0.04680819179904663,0.0018790720738911598,1,outputs\window_size_study\improved_phase3\evaluations\claude__existing_heldout_phase2_bundle__claude_phase2_llm_benchmark_v2,1.0,1.0
phase2_llm_synthetic_benchmark_002,heldout_original_gemini,heldout replay path,gemini,phase2_llm_benchmark\heldout_llm_response\gemini\new_respnse.json,scn_01_fdi_feeder_power_ramp,Feeder Active Power Telemetry Ramp,false_data_injection,false_data_injection,"[""feeder""]","[""feeder_p_kw_total""]",measured_layer,feeder,feeder_p_kw_total,critical,accepted,False,,Accepted after canonical validation.,50.0,kW,2,0,phase2_llm_benchmark\heldout_llm_response\gemini\new_respnse.json,True,1,1.0,2025-06-01T01:00:01+00:00,0.04765400317045192,0.0054750745095165565,16,outputs\window_size_study\improved_phase3\evaluations\gemini__existing_heldout_phase2_bundle__phase2_llm_synthetic_benchmark_002,1.0,1.0
phase2_llm_synthetic_benchmark_002,heldout_original_gemini,heldout replay path,gemini,phase2_llm_benchmark\heldout_llm_response\gemini\new_respnse.json,scn_02_delay_creg4a,Regulator creg4a Command Delay,command_delay,command_delay,"[""creg4a""]","[""vreg"", ""regulator_creg4a_tap_pos"", ""bus_114_v_pu_phase_a""]",regulator,creg4a,vreg,,rejected,False,,"scn_02_delay_creg4a: safety_notes must explicitly state synthetic and simulation-only use.; scn_02_delay_creg4a: magnitude.value=60.0 is outside bounds [110.0, 130.0] for creg4a:vreg.; scn_02_delay_creg4a: canonical Phase-2 validation failed: Scenario scn_02_delay_creg4a magnitude 60.0 for creg4a:vreg is outside bounds [110.0, 130.0].",60.0,seconds,2,0,phase2_llm_benchmark\heldout_llm_response\gemini\new_respnse.json,False,,,,,,,,0.9166666666666666,
phase2_llm_synthetic_benchmark_002,heldout_original_gemini,heldout replay path,gemini,phase2_llm_benchmark\heldout_llm_response\gemini\new_respnse.json,scn_03_suppress_bess48_target,BESS48 Dispatch Command Suppression,command_suppression,command_suppression,"[""bess48""]","[""bess_bess48_target_kw""]",bess,bess48,target_kw,low,accepted,False,,Accepted after canonical validation.,0.0,kW,3,0,phase2_llm_benchmark\heldout_llm_response\gemini\new_respnse.json,True,1,1.0,2025-06-01T06:00:01+00:00,0.04768337703543878,0.02008323183155673,89,outputs\window_size_study\improved_phase3\evaluations\gemini__existing_heldout_phase2_bundle__phase2_llm_synthetic_benchmark_002,1.0,0.25
phase2_llm_synthetic_benchmark_002,heldout_original_gemini,heldout replay path,gemini,phase2_llm_benchmark\heldout_llm_response\gemini\new_respnse.json,scn_04_disconnect_pv60,Forced Disconnect of PV60,degradation,DER_disconnect,"[""pv60""]","[""pv_pv60_status_cmd""]",pv,pv60,status_cmd,low,accepted,False,,Accepted after canonical validation.,0.0,flag,3,0,phase2_llm_benchmark\heldout_llm_response\gemini\new_respnse.json,True,1,1.0,2025-06-01T09:00:01+00:00,0.04667306140950697,0.0159822540827798,67,outputs\window_size_study\improved_phase3\evaluations\gemini__existing_heldout_phase2_bundle__phase2_llm_synthetic_benchmark_002,1.0,0.25
phase2_llm_synthetic_benchmark_002,heldout_original_gemini,heldout replay path,gemini,phase2_llm_benchmark\heldout_llm_response\gemini\new_respnse.json,scn_05_oscillation_c83,Oscillatory Switching of Capacitor c83,unauthorized_command,oscillatory_control,"[""c83""]","[""capacitor_c83_state""]",capacitor,c83,state,critical,accepted,False,,Accepted after canonical validation.,1.0,state,3,0,phase2_llm_benchmark\heldout_llm_response\gemini\new_respnse.json,True,1,1.0,2025-06-01T12:00:01+00:00,0.0476294766637121,0.004246172183035337,16,outputs\window_size_study\improved_phase3\evaluations\gemini__existing_heldout_phase2_bundle__phase2_llm_synthetic_benchmark_002,1.0,1.0
phase2_llm_synthetic_benchmark_002,heldout_original_gemini,heldout replay path,gemini,phase2_llm_benchmark\heldout_llm_response\gemini\new_respnse.json,scn_06_coord_curtail_and_charge,Coordinated PV83 Curtailment and BESS108 Charge,coordinated_campaign,coordinated_multi_asset,"[""pv83"", ""bess108""]","[""curtailment_frac"", ""target_kw"", ""pv_pv83_curtailment_frac"", ""pv_pv83_p_kw"", ""bess_bess108_p_kw"", ""feeder_p_kw_total""]",pv,pv83,curtailment_frac,,rejected,False,,scn_06_coord_curtail_and_charge: safety_notes must explicitly state synthetic and simulation-only use.,1.0,pu,4,1,phase2_llm_benchmark\heldout_llm_response\gemini\new_respnse.json,False,,,,,,,,0.9166666666666666,
phase2_llm_synthetic_benchmark_002,heldout_original_gemini,heldout replay path,gemini,phase2_llm_benchmark\heldout_llm_response\gemini\new_respnse.json,scn_07_fdi_bus48_dropout,Bus 48 Voltage Telemetry Dropout,false_data_injection,false_data_injection,"[""bus48""]","[""bus_48_v_pu_phase_a"", ""bus_48_v_pu_phase_b"", ""bus_48_v_pu_phase_c""]",measured_layer,bus48,bus_48_v_pu_phase_a,,rejected,False,,scn_07_fdi_bus48_dropout: safety_notes must explicitly state synthetic and simulation-only use.,0.0,flag,3,0,phase2_llm_benchmark\heldout_llm_response\gemini\new_respnse.json,False,,,,,,,,0.9166666666666666,
phase2_llm_synthetic_benchmark_002,heldout_original_gemini,heldout replay path,gemini,phase2_llm_benchmark\heldout_llm_response\gemini\new_respnse.json,scn_08_oscillation_sw4,Switch sw4 Toggle Oscillation,unauthorized_command,oscillatory_control,"[""sw4""]","[""state"", ""switch_sw4_state"", ""bus_150_v_pu_phase_a"", ""feeder_p_kw_total""]",switch,sw4,state,,rejected,False,,scn_08_oscillation_sw4: safety_notes must explicitly state synthetic and simulation-only use.,1.0,state,3,0,phase2_llm_benchmark\heldout_llm_response\gemini\new_respnse.json,False,,,,,,,,0.9166666666666666,
phase2_llm_synthetic_benchmark_002,heldout_original_gemini,heldout replay path,gemini,phase2_llm_benchmark\heldout_llm_response\gemini\new_respnse.json,scn_09_disconnect_bess108_mode,BESS108 Forced into Standby Mode,degradation,DER_disconnect,"[""bess108""]","[""bess_bess108_mode_cmd""]",bess,bess108,mode_cmd,low,accepted,False,,Accepted after canonical validation.,0.0,mode,3,0,phase2_llm_benchmark\heldout_llm_response\gemini\new_respnse.json,True,1,61.0,2025-06-01T21:01:01+00:00,0.03700370949132799,0.003107046391317452,3,outputs\window_size_study\improved_phase3\evaluations\gemini__existing_heldout_phase2_bundle__phase2_llm_synthetic_benchmark_002,1.0,0.25
phase2_llm_synthetic_benchmark_002,heldout_original_gemini,heldout replay path,gemini,phase2_llm_benchmark\heldout_llm_response\gemini\new_respnse.json,scn_10_fdi_pv35_voltage_scale,PV35 Terminal Voltage Telemetry Scaling,false_data_injection,false_data_injection,"[""pv35""]","[""terminal_v_pu"", ""pv_pv35_terminal_v_pu"", ""bus_35_v_pu_phase_a""]",measured_layer,pv35,terminal_v_pu,,rejected,False,,scn_10_fdi_pv35_voltage_scale: safety_notes must explicitly state synthetic and simulation-only use.,0.9,scale,2,0,phase2_llm_benchmark\heldout_llm_response\gemini\new_respnse.json,False,,,,,,,,0.9166666666666666,
phase2_llm_benchmark_grok_synthetic_03,heldout_original_grok,heldout replay path,grok,phase2_llm_benchmark\heldout_llm_response\grok\new_respnse.json,scn_command_delay_bess48_target_kw,BESS48 Power Target Command Delay,command_delay,command_delay,"[""bess48""]","[""bess_bess48_target_kw""]",bess,bess48,target_kw,critical,accepted,False,,Accepted after canonical validation.,200.0,kW,2,0,phase2_llm_benchmark\heldout_llm_response\grok\new_respnse.json,True,1,1.0,2025-06-01T02:20:01+00:00,0.047690376671361674,0.01724450426267134,69,outputs\window_size_study\improved_phase3\evaluations\grok__existing_heldout_phase2_bundle__phase2_llm_benchmark_grok_synthetic_03,1.0,1.0
phase2_llm_benchmark_grok_synthetic_03,heldout_original_grok,heldout replay path,grok,phase2_llm_benchmark\heldout_llm_response\grok\new_respnse.json,scn_command_delay_creg3c_vreg,CREG3C Regulator Voltage Setpoint Delay,command_delay,command_delay,"[""creg3c""]","[""vreg"", ""regulator_creg3c_tap_pos"", ""bus_83_v_pu_phase_a"", ""feeder_v_pu_phase_a""]",regulator,creg3c,vreg,,rejected,False,,"scn_command_delay_creg3c_vreg: magnitude.value=3.0 is outside bounds [110.0, 130.0] for creg3c:vreg.; scn_command_delay_creg3c_vreg: canonical Phase-2 validation failed: Scenario scn_command_delay_creg3c_vreg magnitude 3.0 for creg3c:vreg is outside bounds [110.0, 130.0].",3.0,V,3,0,phase2_llm_benchmark\heldout_llm_response\grok\new_respnse.json,False,,,,,,,,0.9166666666666666,
phase2_llm_benchmark_grok_synthetic_03,heldout_original_grok,heldout replay path,grok,phase2_llm_benchmark\heldout_llm_response\grok\new_respnse.json,scn_command_suppression_pv60_curtailment_frac,PV60 Curtailment Command Suppression,command_suppression,command_suppression,"[""pv60""]","[""pv_pv60_curtailment_frac""]",pv,pv60,curtailment_frac,low,accepted,False,,Accepted after canonical validation.,0.0,per_unit,3,0,phase2_llm_benchmark\heldout_llm_response\grok\new_respnse.json,True,1,1.0,2025-06-01T04:30:01+00:00,0.04763998513190093,0.00542659855420368,16,outputs\window_size_study\improved_phase3\evaluations\grok__existing_heldout_phase2_bundle__phase2_llm_benchmark_grok_synthetic_03,1.0,0.25
phase2_llm_benchmark_grok_synthetic_03,heldout_original_grok,heldout replay path,grok,phase2_llm_benchmark\heldout_llm_response\grok\new_respnse.json,scn_coordinated_multi_asset_pv60_bess48_curtail,Coordinated PV60 and BESS48 Curtailment Override,coordinated_campaign,coordinated_multi_asset,"[""bess48"", ""pv60""]","[""bess_bess48_target_kw"", ""pv_pv60_curtailment_frac""]",pv,pv60,curtailment_frac,critical,accepted,False,,Accepted after canonical validation.,0.8,per_unit,3,1,phase2_llm_benchmark\heldout_llm_response\grok\new_respnse.json,True,1,13.0,2025-06-01T17:00:13+00:00,0.047164137267243576,0.016062829642375764,66,outputs\window_size_study\improved_phase3\evaluations\grok__existing_heldout_phase2_bundle__phase2_llm_benchmark_grok_synthetic_03,1.0,1.0
phase2_llm_benchmark_grok_synthetic_03,heldout_original_grok,heldout replay path,grok,phase2_llm_benchmark\heldout_llm_response\grok\new_respnse.json,scn_der_disconnect_bess108_status_cmd,BESS108 DER Status Disconnect Override,degradation,DER_disconnect,"[""bess108""]","[""bess_bess108_status_cmd""]",bess,bess108,status_cmd,low,accepted,False,,Accepted after canonical validation.,0.0,state,3,0,phase2_llm_benchmark\heldout_llm_response\grok\new_respnse.json,True,1,1.0,2025-06-01T07:00:01+00:00,0.04763804264248496,0.00510870725190302,16,outputs\window_size_study\improved_phase3\evaluations\grok__existing_heldout_phase2_bundle__phase2_llm_benchmark_grok_synthetic_03,1.0,0.25
phase2_llm_benchmark_grok_synthetic_03,heldout_original_grok,heldout replay path,grok,phase2_llm_benchmark\heldout_llm_response\grok\new_respnse.json,scn_false_data_injection_bess48_soc_stale,BESS48 SOC Telemetry Stale Value,false_data_injection,false_data_injection,"[""bess48""]","[""bess_bess48_soc""]",measured_layer,bess48,soc,critical,accepted,False,,Accepted after canonical validation.,1.0,scale,2,0,phase2_llm_benchmark\heldout_llm_response\grok\new_respnse.json,True,1,1.0,2025-06-01T11:00:01+00:00,0.04763237498807215,0.005219669384940421,16,outputs\window_size_study\improved_phase3\evaluations\grok__existing_heldout_phase2_bundle__phase2_llm_benchmark_grok_synthetic_03,1.0,1.0
phase2_llm_benchmark_grok_synthetic_03,heldout_original_grok,heldout replay path,grok,phase2_llm_benchmark\heldout_llm_response\grok\new_respnse.json,scn_false_data_injection_bus83_v_pu_bias,Bus83 Phase A Voltage Bias Injection,false_data_injection,false_data_injection,"[""bus83""]","[""bus_83_v_pu_phase_a""]",measured_layer,bus83,bus_83_v_pu_phase_a,low,accepted,False,,Accepted after canonical validation.,0.025,pu,2,0,phase2_llm_benchmark\heldout_llm_response\grok\new_respnse.json,True,1,1.0,2025-06-01T00:20:01+00:00,0.04765240888192073,0.005349575871022291,16,outputs\window_size_study\improved_phase3\evaluations\grok__existing_heldout_phase2_bundle__phase2_llm_benchmark_grok_synthetic_03,1.0,0.25
phase2_llm_benchmark_grok_synthetic_03,heldout_original_grok,heldout replay path,grok,phase2_llm_benchmark\heldout_llm_response\grok\new_respnse.json,scn_false_data_injection_feeder_q_kvar_scale,Feeder Reactive Power Scale Injection,false_data_injection,false_data_injection,"[""feeder""]","[""feeder_q_kvar_total""]",measured_layer,feeder,feeder_q_kvar_total,critical,accepted,False,,Accepted after canonical validation.,1.15,scale,2,0,phase2_llm_benchmark\heldout_llm_response\grok\new_respnse.json,True,0,,,0.002802374853489007,0.0014298772384407385,0,outputs\window_size_study\improved_phase3\evaluations\grok__existing_heldout_phase2_bundle__phase2_llm_benchmark_grok_synthetic_03,1.0,1.0
phase2_llm_benchmark_grok_synthetic_03,heldout_original_grok,heldout replay path,grok,phase2_llm_benchmark\heldout_llm_response\grok\new_respnse.json,scn_oscillatory_control_capacitor_c83_state,Capacitor C83 Oscillatory Switching,unauthorized_command,oscillatory_control,"[""c83""]","[""capacitor_c83_state""]",capacitor,c83,state,critical,accepted,False,,Accepted after canonical validation.,1.0,state,2,0,phase2_llm_benchmark\heldout_llm_response\grok\new_respnse.json,True,1,1.0,2025-06-01T15:00:01+00:00,0.04761199067427367,0.005046991318491162,13,outputs\window_size_study\improved_phase3\evaluations\grok__existing_heldout_phase2_bundle__phase2_llm_benchmark_grok_synthetic_03,1.0,1.0
phase2_llm_benchmark_grok_synthetic_03,heldout_original_grok,heldout replay path,grok,phase2_llm_benchmark\heldout_llm_response\grok\new_respnse.json,scn_oscillatory_control_pv35_curtailment_osc,PV35 Oscillatory Curtailment Command,unauthorized_command,oscillatory_control,"[""pv35""]","[""pv_pv35_curtailment_frac""]",pv,pv35,curtailment_frac,high,accepted,False,,Accepted after canonical validation.,0.35,per_unit,3,0,phase2_llm_benchmark\heldout_llm_response\grok\new_respnse.json,True,1,1.0,2025-06-01T09:00:01+00:00,0.04742574013466482,0.004396345008094709,12,outputs\window_size_study\improved_phase3\evaluations\grok__existing_heldout_phase2_bundle__phase2_llm_benchmark_grok_synthetic_03,1.0,0.75
phase2_zero_day_like_bundle_2026_04_15_c_repaired,heldout_repaired_chatgpt,extension experiments,chatgpt,outputs\window_size_study\improved_phase3\repaired_bundles_raw\chatgpt\repaired_benchmark_bundle.json,scn_cmd_delay_creg4b_vreg_ramp,Delayed CREG4B Voltage Regulation Ramp,command_delay,command_delay,"[""creg4b""]","[""regulator_creg4b_vreg""]",regulator,creg4b,vreg,critical,accepted,True,accepted_after_repair,Validator-guided repaired bundle.,122.5,V,4,0,outputs\window_size_study\improved_phase3\repaired_bundles_raw\chatgpt\repaired_benchmark_bundle.json,True,1,1.0,2025-06-01T08:30:01+00:00,0.0473891619531431,0.004482752335951657,12,outputs\window_size_study\improved_phase3\evaluations\chatgpt__repaired_heldout_bundle__phase2_zero_day_like_bundle_2026_04_15_c_repaired,1.0,1.0
phase2_zero_day_like_bundle_2026_04_15_c_repaired,heldout_repaired_chatgpt,extension experiments,chatgpt,outputs\window_size_study\improved_phase3\repaired_bundles_raw\chatgpt\repaired_benchmark_bundle.json,scn_cmd_delay_pv60_curtailment_release,Delayed PV60 Curtailment Release,command_delay,command_delay,"[""pv60""]","[""pv_pv60_curtailment_frac""]",pv,pv60,curtailment_frac,high,accepted,False,accepted_carried_forward,Validator-guided repaired bundle.,0.3,fraction,4,0,outputs\window_size_study\improved_phase3\repaired_bundles_raw\chatgpt\repaired_benchmark_bundle.json,True,1,1.0,2025-06-01T06:00:01+00:00,0.04692250994034718,0.010615552527772722,36,outputs\window_size_study\improved_phase3\evaluations\chatgpt__repaired_heldout_bundle__phase2_zero_day_like_bundle_2026_04_15_c_repaired,1.0,0.75
phase2_zero_day_like_bundle_2026_04_15_c_repaired,heldout_repaired_chatgpt,extension experiments,chatgpt,outputs\window_size_study\improved_phase3\repaired_bundles_raw\chatgpt\repaired_benchmark_bundle.json,scn_cmd_suppress_bess48_discharge_hold,BESS48 Discharge Suppression Hold,command_suppression,command_suppression,"[""bess48""]","[""bess_bess48_target_kw""]",bess,bess48,target_kw,critical,accepted,False,accepted_carried_forward,Validator-guided repaired bundle.,180.0,kW,4,0,outputs\window_size_study\improved_phase3\repaired_bundles_raw\chatgpt\repaired_benchmark_bundle.json,True,1,13.0,2025-06-01T11:00:13+00:00,0.047678591521384976,0.01456091028880134,56,outputs\window_size_study\improved_phase3\evaluations\chatgpt__repaired_heldout_bundle__phase2_zero_day_like_bundle_2026_04_15_c_repaired,1.0,1.0
phase2_zero_day_like_bundle_2026_04_15_c_repaired,heldout_repaired_chatgpt,extension experiments,chatgpt,outputs\window_size_study\improved_phase3\repaired_bundles_raw\chatgpt\repaired_benchmark_bundle.json,scn_coord_pv60_bess48_misaligned_support,PV60 Curtailment Increase with Delayed BESS48 Support,coordinated_campaign,coordinated_multi_asset,"[""bess48"", ""pv60""]","[""bess_bess48_target_kw"", ""pv_pv60_curtailment_frac""]",pv,pv60,curtailment_frac,high,accepted,False,accepted_carried_forward,Validator-guided repaired bundle.,0.35,fraction,7,1,outputs\window_size_study\improved_phase3\repaired_bundles_raw\chatgpt\repaired_benchmark_bundle.json,True,1,1.0,2025-06-01T23:00:01+00:00,0.04733386474948424,0.01676608223494512,73,outputs\window_size_study\improved_phase3\evaluations\chatgpt__repaired_heldout_bundle__phase2_zero_day_like_bundle_2026_04_15_c_repaired,1.0,0.75
phase2_zero_day_like_bundle_2026_04_15_c_repaired,heldout_repaired_chatgpt,extension experiments,chatgpt,outputs\window_size_study\improved_phase3\repaired_bundles_raw\chatgpt\repaired_benchmark_bundle.json,scn_der_disconnect_bess108_standby_ramp,BESS108 Standby Transition,degradation,DER_disconnect,"[""bess108""]","[""bess_bess108_mode_cmd""]",bess,bess108,mode_cmd,critical,accepted,True,accepted_after_repair,Validator-guided repaired bundle.,1.0,mode_step,5,0,outputs\window_size_study\improved_phase3\repaired_bundles_raw\chatgpt\repaired_benchmark_bundle.json,True,1,1.0,2025-06-01T16:00:01+00:00,0.04756141922548552,0.005067972809960403,16,outputs\window_size_study\improved_phase3\evaluations\chatgpt__repaired_heldout_bundle__phase2_zero_day_like_bundle_2026_04_15_c_repaired,1.0,1.0
phase2_zero_day_like_bundle_2026_04_15_c_repaired,heldout_repaired_chatgpt,extension experiments,chatgpt,outputs\window_size_study\improved_phase3\repaired_bundles_raw\chatgpt\repaired_benchmark_bundle.json,scn_der_disconnect_pv83_status_trip,PV83 Availability Loss,degradation,DER_disconnect,"[""pv83""]","[""pv_pv83_status_cmd""]",pv,pv83,status_cmd,critical,accepted,False,accepted_carried_forward,Validator-guided repaired bundle.,1.0,state,4,0,outputs\window_size_study\improved_phase3\repaired_bundles_raw\chatgpt\repaired_benchmark_bundle.json,True,1,1.0,2025-06-01T13:30:01+00:00,0.0475584553846119,0.005419635545873228,16,outputs\window_size_study\improved_phase3\evaluations\chatgpt__repaired_heldout_bundle__phase2_zero_day_like_bundle_2026_04_15_c_repaired,1.0,1.0
phase2_zero_day_like_bundle_2026_04_15_c_repaired,heldout_repaired_chatgpt,extension experiments,chatgpt,outputs\window_size_study\improved_phase3\repaired_bundles_raw\chatgpt\repaired_benchmark_bundle.json,scn_fdi_bus150_voltage_dropout,Bus150 Phase-C Voltage Dropout,false_data_injection,false_data_injection,"[""bus150""]","[""bus_150_v_pu_phase_c""]",measured_layer,bus150,bus_150_v_pu_phase_c,critical,accepted,False,accepted_carried_forward,Validator-guided repaired bundle.,1.0,scale,3,0,outputs\window_size_study\improved_phase3\repaired_bundles_raw\chatgpt\repaired_benchmark_bundle.json,True,1,1.0,2025-06-01T03:30:01+00:00,0.04766215476232704,0.0056115910260899045,16,outputs\window_size_study\improved_phase3\evaluations\chatgpt__repaired_heldout_bundle__phase2_zero_day_like_bundle_2026_04_15_c_repaired,1.0,1.0
phase2_zero_day_like_bundle_2026_04_15_c_repaired,heldout_repaired_chatgpt,extension experiments,chatgpt,outputs\window_size_study\improved_phase3\repaired_bundles_raw\chatgpt\repaired_benchmark_bundle.json,scn_fdi_pv35_qvar_step_bias,PV35 Reactive Power Step Bias,false_data_injection,false_data_injection,"[""pv35""]","[""pv_pv35_q_kvar""]",measured_layer,pv35,q_kvar,critical,accepted,False,accepted_carried_forward,Validator-guided repaired bundle.,70.0,kvar,3,0,outputs\window_size_study\improved_phase3\repaired_bundles_raw\chatgpt\repaired_benchmark_bundle.json,True,1,1.0,2025-06-01T01:03:01+00:00,0.047645225247819084,0.0057146408312662034,16,outputs\window_size_study\improved_phase3\evaluations\chatgpt__repaired_heldout_bundle__phase2_zero_day_like_bundle_2026_04_15_c_repaired,1.0,1.0
phase2_zero_day_like_bundle_2026_04_15_c_repaired,heldout_repaired_chatgpt,extension experiments,chatgpt,outputs\window_size_study\improved_phase3\repaired_bundles_raw\chatgpt\repaired_benchmark_bundle.json,scn_osc_cap_c90b_reactive_toggle,C90B Repetitive Capacitor Toggling,unauthorized_command,oscillatory_control,"[""c90b""]","[""capacitor_c90b_state""]",capacitor,c90b,state,critical,accepted,False,accepted_carried_forward,Validator-guided repaired bundle.,1.0,state,3,0,outputs\window_size_study\improved_phase3\repaired_bundles_raw\chatgpt\repaired_benchmark_bundle.json,True,1,1.0,2025-06-01T18:30:01+00:00,0.04750943823666014,0.005761012269170489,16,outputs\window_size_study\improved_phase3\evaluations\chatgpt__repaired_heldout_bundle__phase2_zero_day_like_bundle_2026_04_15_c_repaired,1.0,1.0
phase2_zero_day_like_bundle_2026_04_15_c_repaired,heldout_repaired_chatgpt,extension experiments,chatgpt,outputs\window_size_study\improved_phase3\repaired_bundles_raw\chatgpt\repaired_benchmark_bundle.json,scn_osc_sw3_state_dither,SW3 State Dither,unauthorized_command,oscillatory_control,"[""sw3""]","[""switch_sw3_state""]",switch,sw3,state,critical,accepted,False,accepted_carried_forward,Validator-guided repaired bundle.,1.0,state,3,0,outputs\window_size_study\improved_phase3\repaired_bundles_raw\chatgpt\repaired_benchmark_bundle.json,True,1,1.0,2025-06-01T21:00:01+00:00,0.04758698715009462,0.006926688090094403,16,outputs\window_size_study\improved_phase3\evaluations\chatgpt__repaired_heldout_bundle__phase2_zero_day_like_bundle_2026_04_15_c_repaired,1.0,1.0
claude_phase2_llm_benchmark_v2_repaired,heldout_repaired_claude,extension experiments,claude,outputs\window_size_study\improved_phase3\repaired_bundles_raw\claude\repaired_benchmark_bundle.json,scn_cmd_delay_bess108_target_kw_ramp,BESS108 Discharge Ramp Command Delay,command_delay,command_delay,"[""bess108""]","[""bess_bess108_target_kw""]",bess,bess108,target_kw,critical,accepted,False,accepted_carried_forward,Validator-guided repaired bundle.,280.0,kW,5,0,outputs\window_size_study\improved_phase3\repaired_bundles_raw\claude\repaired_benchmark_bundle.json,True,1,1.0,2025-06-01T06:30:01+00:00,0.04765467079382595,0.008274798543302146,17,outputs\window_size_study\improved_phase3\evaluations\claude__repaired_heldout_bundle__claude_phase2_llm_benchmark_v2_repaired,1.0,1.0
claude_phase2_llm_benchmark_v2_repaired,heldout_repaired_claude,extension experiments,claude,outputs\window_size_study\improved_phase3\repaired_bundles_raw\claude\repaired_benchmark_bundle.json,scn_cmd_delay_creg4b_vreg_step,Regulator creg4b Tap Command Step Delay,command_delay,command_delay,"[""creg4b""]","[""regulator_creg4b_vreg""]",regulator,creg4b,vreg,critical,accepted,True,accepted_after_repair,Validator-guided repaired bundle.,117.0,V,5,0,outputs\window_size_study\improved_phase3\repaired_bundles_raw\claude\repaired_benchmark_bundle.json,True,1,1.0,2025-06-01T13:00:01+00:00,0.04749592745437843,0.005229524613820478,15,outputs\window_size_study\improved_phase3\evaluations\claude__repaired_heldout_bundle__claude_phase2_llm_benchmark_v2_repaired,1.0,1.0
claude_phase2_llm_benchmark_v2_repaired,heldout_repaired_claude,extension experiments,claude,outputs\window_size_study\improved_phase3\repaired_bundles_raw\claude\repaired_benchmark_bundle.json,scn_cmd_suppression_pv60_status_freeze,PV60 Status Command Suppression Freeze,command_suppression,command_suppression,"[""pv60""]","[""pv_pv60_status_cmd""]",pv,pv60,status_cmd,critical,accepted,False,accepted_carried_forward,Validator-guided repaired bundle.,1.0,flag,5,0,outputs\window_size_study\improved_phase3\repaired_bundles_raw\claude\repaired_benchmark_bundle.json,True,1,25.0,2025-06-01T15:00:25+00:00,0.04550425056251349,0.004004677686292943,12,outputs\window_size_study\improved_phase3\evaluations\claude__repaired_heldout_bundle__claude_phase2_llm_benchmark_v2_repaired,1.0,1.0
claude_phase2_llm_benchmark_v2_repaired,heldout_repaired_claude,extension experiments,claude,outputs\window_size_study\improved_phase3\repaired_bundles_raw\claude\repaired_benchmark_bundle.json,scn_coordinated_pv83_bess48_evening_ramp_disruption,Coordinated PV83 Curtailment Override and BESS48 Charge Suppression at Evening Ramp,coordinated_campaign,coordinated_multi_asset,"[""bess48"", ""pv83""]","[""bess_bess48_target_kw"", ""pv_pv83_curtailment_frac""]",pv,pv83,curtailment_frac,critical,accepted,True,accepted_after_repair,Validator-guided repaired bundle.,0.85,fraction,10,1,outputs\window_size_study\improved_phase3\repaired_bundles_raw\claude\repaired_benchmark_bundle.json,True,1,25.0,2025-06-01T16:45:25+00:00,0.04734873804303487,0.01885685171377657,85,outputs\window_size_study\improved_phase3\evaluations\claude__repaired_heldout_bundle__claude_phase2_llm_benchmark_v2_repaired,1.0,1.0
claude_phase2_llm_benchmark_v2_repaired,heldout_repaired_claude,extension experiments,claude,outputs\window_size_study\improved_phase3\repaired_bundles_raw\claude\repaired_benchmark_bundle.json,scn_der_disconnect_bess108_mode_standby,BESS108 Forced Standby Mode Disconnect,degradation,DER_disconnect,"[""bess108""]","[""bess_bess108_mode_cmd""]",bess,bess108,mode_cmd,critical,accepted,True,accepted_after_repair,Validator-guided repaired bundle.,1.0,flag,7,0,outputs\window_size_study\improved_phase3\repaired_bundles_raw\claude\repaired_benchmark_bundle.json,True,1,1.0,2025-06-01T19:00:01+00:00,0.046812345603390024,0.005340368845634182,16,outputs\window_size_study\improved_phase3\evaluations\claude__repaired_heldout_bundle__claude_phase2_llm_benchmark_v2_repaired,1.0,1.0
claude_phase2_llm_benchmark_v2_repaired,heldout_repaired_claude,extension experiments,claude,outputs\window_size_study\improved_phase3\repaired_bundles_raw\claude\repaired_benchmark_bundle.json,scn_fdi_bess48_terminal_i_stale_replay,BESS48 Terminal Current Replay Stale Injection,false_data_injection,false_data_injection,"[""bess48""]","[""bess_bess48_terminal_i_a""]",measured_layer,bess48,terminal_i_a,critical,accepted,False,accepted_carried_forward,Validator-guided repaired bundle.,1.0,scale,5,0,outputs\window_size_study\improved_phase3\repaired_bundles_raw\claude\repaired_benchmark_bundle.json,True,1,1.0,2025-06-01T04:15:01+00:00,0.047629914887572115,0.005241529407164334,16,outputs\window_size_study\improved_phase3\evaluations\claude__repaired_heldout_bundle__claude_phase2_llm_benchmark_v2_repaired,1.0,1.0
claude_phase2_llm_benchmark_v2_repaired,heldout_repaired_claude,extension experiments,claude,outputs\window_size_study\improved_phase3\repaired_bundles_raw\claude\repaired_benchmark_bundle.json,scn_fdi_bus114_vpu_phase_a_dropout,Bus 114 Phase-A Voltage Telemetry Dropout,false_data_injection,false_data_injection,"[""bus114""]","[""bus_114_v_pu_phase_a""]",measured_layer,bus114,bus_114_v_pu_phase_a,low,accepted,False,accepted_carried_forward,Validator-guided repaired bundle.,0.0,flag,5,0,outputs\window_size_study\improved_phase3\repaired_bundles_raw\claude\repaired_benchmark_bundle.json,True,1,1.0,2025-06-01T08:30:01+00:00,0.04765526867304543,0.005745309027930116,16,outputs\window_size_study\improved_phase3\evaluations\claude__repaired_heldout_bundle__claude_phase2_llm_benchmark_v2_repaired,1.0,0.25
claude_phase2_llm_benchmark_v2_repaired,heldout_repaired_claude,extension experiments,claude,outputs\window_size_study\improved_phase3\repaired_bundles_raw\claude\repaired_benchmark_bundle.json,scn_fdi_bus150_vpu_phase_c_ramp_bias,Bus 150 Phase-C Voltage Ramp Bias Injection,false_data_injection,false_data_injection,"[""bus150""]","[""bus_150_v_pu_phase_c""]",measured_layer,bus150,bus_150_v_pu_phase_c,low,accepted,False,accepted_carried_forward,Validator-guided repaired bundle.,0.018,pu,5,0,outputs\window_size_study\improved_phase3\repaired_bundles_raw\claude\repaired_benchmark_bundle.json,True,1,1.0,2025-06-01T00:45:01+00:00,0.04764282429024552,0.005355480799384741,16,outputs\window_size_study\improved_phase3\evaluations\claude__repaired_heldout_bundle__claude_phase2_llm_benchmark_v2_repaired,1.0,0.25
claude_phase2_llm_benchmark_v2_repaired,heldout_repaired_claude,extension experiments,claude,outputs\window_size_study\improved_phase3\repaired_bundles_raw\claude\repaired_benchmark_bundle.json,scn_fdi_pv83_q_kvar_scale_step,PV83 Reactive Power Scale Inflation,false_data_injection,false_data_injection,"[""pv83""]","[""pv_pv83_q_kvar""]",measured_layer,pv83,q_kvar,medium,accepted,False,accepted_carried_forward,Validator-guided repaired bundle.,0.15,fraction,5,0,outputs\window_size_study\improved_phase3\repaired_bundles_raw\claude\repaired_benchmark_bundle.json,True,1,1.0,2025-06-01T02:30:01+00:00,0.04765424231810187,0.005620151650418498,16,outputs\window_size_study\improved_phase3\evaluations\claude__repaired_heldout_bundle__claude_phase2_llm_benchmark_v2_repaired,1.0,0.5
claude_phase2_llm_benchmark_v2_repaired,heldout_repaired_claude,extension experiments,claude,outputs\window_size_study\improved_phase3\repaired_bundles_raw\claude\repaired_benchmark_bundle.json,scn_oscillatory_sw3_state_switching,Switch sw3 Oscillatory Open-Close Cycling,unauthorized_command,oscillatory_control,"[""sw3""]","[""switch_sw3_state""]",switch,sw3,state,critical,accepted,False,accepted_carried_forward,Validator-guided repaired bundle.,1.0,flag,7,0,outputs\window_size_study\improved_phase3\repaired_bundles_raw\claude\repaired_benchmark_bundle.json,True,1,1.0,2025-06-01T21:00:01+00:00,0.04496698977117833,0.0028492991815410973,2,outputs\window_size_study\improved_phase3\evaluations\claude__repaired_heldout_bundle__claude_phase2_llm_benchmark_v2_repaired,1.0,1.0
phase2_llm_synthetic_benchmark_002_repaired,heldout_repaired_gemini,extension experiments,gemini,outputs\window_size_study\improved_phase3\repaired_bundles_raw\gemini\repaired_benchmark_bundle.json,scn_01_fdi_feeder_power_ramp,Feeder Active Power Telemetry Ramp,false_data_injection,false_data_injection,"[""feeder""]","[""feeder_p_kw_total""]",measured_layer,feeder,feeder_p_kw_total,critical,accepted,False,accepted_carried_forward,Validator-guided repaired bundle.,50.0,kW,2,0,outputs\window_size_study\improved_phase3\repaired_bundles_raw\gemini\repaired_benchmark_bundle.json,True,1,1.0,2025-06-01T01:00:01+00:00,0.04765400317045192,0.0054750745095165565,16,outputs\window_size_study\improved_phase3\evaluations\gemini__repaired_heldout_bundle__phase2_llm_synthetic_benchmark_002_repaired,1.0,1.0
phase2_llm_synthetic_benchmark_002_repaired,heldout_repaired_gemini,extension experiments,gemini,outputs\window_size_study\improved_phase3\repaired_bundles_raw\gemini\repaired_benchmark_bundle.json,scn_02_delay_creg4a,Regulator creg4a Command Delay,command_delay,command_delay,"[""creg4a""]","[""regulator_creg4a_vreg""]",regulator,creg4a,vreg,critical,accepted,True,accepted_after_repair,Validator-guided repaired bundle.,124.0,volts,2,0,outputs\window_size_study\improved_phase3\repaired_bundles_raw\gemini\repaired_benchmark_bundle.json,True,1,1.0,2025-06-01T03:20:01+00:00,0.04764409947331713,0.005314650683233515,16,outputs\window_size_study\improved_phase3\evaluations\gemini__repaired_heldout_bundle__phase2_llm_synthetic_benchmark_002_repaired,1.0,1.0
phase2_llm_synthetic_benchmark_002_repaired,heldout_repaired_gemini,extension experiments,gemini,outputs\window_size_study\improved_phase3\repaired_bundles_raw\gemini\repaired_benchmark_bundle.json,scn_03_suppress_bess48_target,BESS48 Dispatch Command Suppression,command_suppression,command_suppression,"[""bess48""]","[""bess_bess48_target_kw""]",bess,bess48,target_kw,low,accepted,False,accepted_carried_forward,Validator-guided repaired bundle.,0.0,kW,3,0,outputs\window_size_study\improved_phase3\repaired_bundles_raw\gemini\repaired_benchmark_bundle.json,True,1,1.0,2025-06-01T06:00:01+00:00,0.04768337703543878,0.02008323183155673,89,outputs\window_size_study\improved_phase3\evaluations\gemini__repaired_heldout_bundle__phase2_llm_synthetic_benchmark_002_repaired,1.0,0.25
phase2_llm_synthetic_benchmark_002_repaired,heldout_repaired_gemini,extension experiments,gemini,outputs\window_size_study\improved_phase3\repaired_bundles_raw\gemini\repaired_benchmark_bundle.json,scn_04_disconnect_pv60,Forced Disconnect of PV60,degradation,DER_disconnect,"[""pv60""]","[""pv_pv60_status_cmd""]",pv,pv60,status_cmd,low,accepted,False,accepted_carried_forward,Validator-guided repaired bundle.,0.0,flag,3,0,outputs\window_size_study\improved_phase3\repaired_bundles_raw\gemini\repaired_benchmark_bundle.json,True,1,1.0,2025-06-01T09:00:01+00:00,0.04667306140950697,0.0159822540827798,67,outputs\window_size_study\improved_phase3\evaluations\gemini__repaired_heldout_bundle__phase2_llm_synthetic_benchmark_002_repaired,1.0,0.25
phase2_llm_synthetic_benchmark_002_repaired,heldout_repaired_gemini,extension experiments,gemini,outputs\window_size_study\improved_phase3\repaired_bundles_raw\gemini\repaired_benchmark_bundle.json,scn_05_oscillation_c83,Oscillatory Switching of Capacitor c83,unauthorized_command,oscillatory_control,"[""c83""]","[""capacitor_c83_state""]",capacitor,c83,state,critical,accepted,False,accepted_carried_forward,Validator-guided repaired bundle.,1.0,state,3,0,outputs\window_size_study\improved_phase3\repaired_bundles_raw\gemini\repaired_benchmark_bundle.json,True,1,1.0,2025-06-01T12:00:01+00:00,0.0476294766637121,0.004246172183035337,16,outputs\window_size_study\improved_phase3\evaluations\gemini__repaired_heldout_bundle__phase2_llm_synthetic_benchmark_002_repaired,1.0,1.0
phase2_llm_synthetic_benchmark_002_repaired,heldout_repaired_gemini,extension experiments,gemini,outputs\window_size_study\improved_phase3\repaired_bundles_raw\gemini\repaired_benchmark_bundle.json,scn_06_coord_curtail_and_charge,Coordinated PV83 Curtailment and BESS108 Charge,coordinated_campaign,coordinated_multi_asset,"[""bess108"", ""pv83""]","[""bess_bess108_target_kw"", ""pv_pv83_curtailment_frac""]",pv,pv83,curtailment_frac,critical,accepted,True,accepted_after_repair,Validator-guided repaired bundle.,1.0,pu,4,1,outputs\window_size_study\improved_phase3\repaired_bundles_raw\gemini\repaired_benchmark_bundle.json,True,1,13.0,2025-06-01T15:00:13+00:00,0.04758612140763017,0.016072227728784503,65,outputs\window_size_study\improved_phase3\evaluations\gemini__repaired_heldout_bundle__phase2_llm_synthetic_benchmark_002_repaired,1.0,1.0
phase2_llm_synthetic_benchmark_002_repaired,heldout_repaired_gemini,extension experiments,gemini,outputs\window_size_study\improved_phase3\repaired_bundles_raw\gemini\repaired_benchmark_bundle.json,scn_07_fdi_bus48_dropout,Bus 48 Voltage Telemetry Dropout,false_data_injection,false_data_injection,"[""bus48""]","[""bus_48_v_pu_phase_a""]",measured_layer,bus48,bus_48_v_pu_phase_a,low,accepted,True,accepted_after_repair,Validator-guided repaired bundle.,0.0,flag,3,0,outputs\window_size_study\improved_phase3\repaired_bundles_raw\gemini\repaired_benchmark_bundle.json,True,1,49.0,2025-06-01T17:00:49+00:00,0.042073704762213324,0.003616914909208537,8,outputs\window_size_study\improved_phase3\evaluations\gemini__repaired_heldout_bundle__phase2_llm_synthetic_benchmark_002_repaired,1.0,0.25
phase2_llm_synthetic_benchmark_002_repaired,heldout_repaired_gemini,extension experiments,gemini,outputs\window_size_study\improved_phase3\repaired_bundles_raw\gemini\repaired_benchmark_bundle.json,scn_08_oscillation_sw4,Switch sw4 Toggle Oscillation,unauthorized_command,oscillatory_control,"[""sw4""]","[""switch_sw4_state""]",switch,sw4,state,critical,accepted,True,accepted_after_repair,Validator-guided repaired bundle.,1.0,state,3,0,outputs\window_size_study\improved_phase3\repaired_bundles_raw\gemini\repaired_benchmark_bundle.json,True,1,133.0,2025-06-01T19:02:13+00:00,0.037401307481459034,0.006989768418281142,1,outputs\window_size_study\improved_phase3\evaluations\gemini__repaired_heldout_bundle__phase2_llm_synthetic_benchmark_002_repaired,1.0,1.0
phase2_llm_synthetic_benchmark_002_repaired,heldout_repaired_gemini,extension experiments,gemini,outputs\window_size_study\improved_phase3\repaired_bundles_raw\gemini\repaired_benchmark_bundle.json,scn_09_disconnect_bess108_mode,BESS108 Forced into Standby Mode,degradation,DER_disconnect,"[""bess108""]","[""bess_bess108_mode_cmd""]",bess,bess108,mode_cmd,low,accepted,False,accepted_carried_forward,Validator-guided repaired bundle.,0.0,mode,3,0,outputs\window_size_study\improved_phase3\repaired_bundles_raw\gemini\repaired_benchmark_bundle.json,True,0,,,0.020137978038966175,0.0060436922829852704,0,outputs\window_size_study\improved_phase3\evaluations\gemini__repaired_heldout_bundle__phase2_llm_synthetic_benchmark_002_repaired,1.0,0.25
phase2_llm_synthetic_benchmark_002_repaired,heldout_repaired_gemini,extension experiments,gemini,outputs\window_size_study\improved_phase3\repaired_bundles_raw\gemini\repaired_benchmark_bundle.json,scn_10_fdi_pv35_voltage_scale,PV35 Terminal Voltage Telemetry Scaling,false_data_injection,false_data_injection,"[""pv35""]","[""pv_pv35_terminal_v_pu""]",measured_layer,pv35,terminal_v_pu,critical,accepted,True,accepted_after_repair,Validator-guided repaired bundle.,0.9,scale,2,0,outputs\window_size_study\improved_phase3\repaired_bundles_raw\gemini\repaired_benchmark_bundle.json,True,0,,,0.004121871638790576,0.002186159765298182,0,outputs\window_size_study\improved_phase3\evaluations\gemini__repaired_heldout_bundle__phase2_llm_synthetic_benchmark_002_repaired,1.0,1.0
phase2_llm_benchmark_grok_synthetic_03_repaired,heldout_repaired_grok,extension experiments,grok,outputs\window_size_study\improved_phase3\repaired_bundles_raw\grok\repaired_benchmark_bundle.json,scn_command_delay_bess48_target_kw,BESS48 Power Target Command Delay,command_delay,command_delay,"[""bess48""]","[""bess_bess48_target_kw""]",bess,bess48,target_kw,critical,accepted,False,accepted_carried_forward,Validator-guided repaired bundle.,200.0,kW,2,0,outputs\window_size_study\improved_phase3\repaired_bundles_raw\grok\repaired_benchmark_bundle.json,True,1,1.0,2025-06-01T02:20:01+00:00,0.047690376671361674,0.01724450426267134,69,outputs\window_size_study\improved_phase3\evaluations\grok__repaired_heldout_bundle__phase2_llm_benchmark_grok_synthetic_03_repaired,1.0,1.0
phase2_llm_benchmark_grok_synthetic_03_repaired,heldout_repaired_grok,extension experiments,grok,outputs\window_size_study\improved_phase3\repaired_bundles_raw\grok\repaired_benchmark_bundle.json,scn_command_delay_creg3c_vreg,CREG3C Regulator Voltage Setpoint Delay,command_delay,command_delay,"[""creg3c""]","[""regulator_creg3c_vreg""]",regulator,creg3c,vreg,critical,accepted,True,accepted_after_repair,Validator-guided repaired bundle.,117.0,V,3,0,outputs\window_size_study\improved_phase3\repaired_bundles_raw\grok\repaired_benchmark_bundle.json,True,1,1.0,2025-06-01T13:00:01+00:00,0.047622176815971244,0.0053566293241083,16,outputs\window_size_study\improved_phase3\evaluations\grok__repaired_heldout_bundle__phase2_llm_benchmark_grok_synthetic_03_repaired,1.0,1.0
phase2_llm_benchmark_grok_synthetic_03_repaired,heldout_repaired_grok,extension experiments,grok,outputs\window_size_study\improved_phase3\repaired_bundles_raw\grok\repaired_benchmark_bundle.json,scn_command_suppression_pv60_curtailment_frac,PV60 Curtailment Command Suppression,command_suppression,command_suppression,"[""pv60""]","[""pv_pv60_curtailment_frac""]",pv,pv60,curtailment_frac,low,accepted,False,accepted_carried_forward,Validator-guided repaired bundle.,0.0,per_unit,3,0,outputs\window_size_study\improved_phase3\repaired_bundles_raw\grok\repaired_benchmark_bundle.json,True,1,1.0,2025-06-01T04:30:01+00:00,0.04763998513190093,0.00542659855420368,16,outputs\window_size_study\improved_phase3\evaluations\grok__repaired_heldout_bundle__phase2_llm_benchmark_grok_synthetic_03_repaired,1.0,0.25
phase2_llm_benchmark_grok_synthetic_03_repaired,heldout_repaired_grok,extension experiments,grok,outputs\window_size_study\improved_phase3\repaired_bundles_raw\grok\repaired_benchmark_bundle.json,scn_coordinated_multi_asset_pv60_bess48_curtail,Coordinated PV60 and BESS48 Curtailment Override,coordinated_campaign,coordinated_multi_asset,"[""bess48"", ""pv60""]","[""bess_bess48_target_kw"", ""pv_pv60_curtailment_frac""]",pv,pv60,curtailment_frac,critical,accepted,False,accepted_carried_forward,Validator-guided repaired bundle.,0.8,per_unit,3,1,outputs\window_size_study\improved_phase3\repaired_bundles_raw\grok\repaired_benchmark_bundle.json,True,1,13.0,2025-06-01T17:00:13+00:00,0.047164137267243576,0.016062828496837937,66,outputs\window_size_study\improved_phase3\evaluations\grok__repaired_heldout_bundle__phase2_llm_benchmark_grok_synthetic_03_repaired,1.0,1.0
phase2_llm_benchmark_grok_synthetic_03_repaired,heldout_repaired_grok,extension experiments,grok,outputs\window_size_study\improved_phase3\repaired_bundles_raw\grok\repaired_benchmark_bundle.json,scn_der_disconnect_bess108_status_cmd,BESS108 DER Status Disconnect Override,degradation,DER_disconnect,"[""bess108""]","[""bess_bess108_status_cmd""]",bess,bess108,status_cmd,low,accepted,False,accepted_carried_forward,Validator-guided repaired bundle.,0.0,state,3,0,outputs\window_size_study\improved_phase3\repaired_bundles_raw\grok\repaired_benchmark_bundle.json,True,1,1.0,2025-06-01T07:00:01+00:00,0.04763804264248496,0.00510870725190302,16,outputs\window_size_study\improved_phase3\evaluations\grok__repaired_heldout_bundle__phase2_llm_benchmark_grok_synthetic_03_repaired,1.0,0.25
phase2_llm_benchmark_grok_synthetic_03_repaired,heldout_repaired_grok,extension experiments,grok,outputs\window_size_study\improved_phase3\repaired_bundles_raw\grok\repaired_benchmark_bundle.json,scn_false_data_injection_bess48_soc_stale,BESS48 SOC Telemetry Stale Value,false_data_injection,false_data_injection,"[""bess48""]","[""bess_bess48_soc""]",measured_layer,bess48,soc,critical,accepted,False,accepted_carried_forward,Validator-guided repaired bundle.,1.0,scale,2,0,outputs\window_size_study\improved_phase3\repaired_bundles_raw\grok\repaired_benchmark_bundle.json,True,1,1.0,2025-06-01T11:00:01+00:00,0.04763237498807215,0.005219669384940421,16,outputs\window_size_study\improved_phase3\evaluations\grok__repaired_heldout_bundle__phase2_llm_benchmark_grok_synthetic_03_repaired,1.0,1.0
phase2_llm_benchmark_grok_synthetic_03_repaired,heldout_repaired_grok,extension experiments,grok,outputs\window_size_study\improved_phase3\repaired_bundles_raw\grok\repaired_benchmark_bundle.json,scn_false_data_injection_bus83_v_pu_bias,Bus83 Phase A Voltage Bias Injection,false_data_injection,false_data_injection,"[""bus83""]","[""bus_83_v_pu_phase_a""]",measured_layer,bus83,bus_83_v_pu_phase_a,low,accepted,False,accepted_carried_forward,Validator-guided repaired bundle.,0.025,pu,2,0,outputs\window_size_study\improved_phase3\repaired_bundles_raw\grok\repaired_benchmark_bundle.json,True,1,1.0,2025-06-01T00:20:01+00:00,0.04765240888192073,0.005349575871022291,16,outputs\window_size_study\improved_phase3\evaluations\grok__repaired_heldout_bundle__phase2_llm_benchmark_grok_synthetic_03_repaired,1.0,0.25
phase2_llm_benchmark_grok_synthetic_03_repaired,heldout_repaired_grok,extension experiments,grok,outputs\window_size_study\improved_phase3\repaired_bundles_raw\grok\repaired_benchmark_bundle.json,scn_false_data_injection_feeder_q_kvar_scale,Feeder Reactive Power Scale Injection,false_data_injection,false_data_injection,"[""feeder""]","[""feeder_q_kvar_total""]",measured_layer,feeder,feeder_q_kvar_total,critical,accepted,False,accepted_carried_forward,Validator-guided repaired bundle.,1.15,scale,2,0,outputs\window_size_study\improved_phase3\repaired_bundles_raw\grok\repaired_benchmark_bundle.json,True,0,,,0.0028017599659354163,0.0014298460912101965,0,outputs\window_size_study\improved_phase3\evaluations\grok__repaired_heldout_bundle__phase2_llm_benchmark_grok_synthetic_03_repaired,1.0,1.0
phase2_llm_benchmark_grok_synthetic_03_repaired,heldout_repaired_grok,extension experiments,grok,outputs\window_size_study\improved_phase3\repaired_bundles_raw\grok\repaired_benchmark_bundle.json,scn_oscillatory_control_capacitor_c83_state,Capacitor C83 Oscillatory Switching,unauthorized_command,oscillatory_control,"[""c83""]","[""capacitor_c83_state""]",capacitor,c83,state,critical,accepted,False,accepted_carried_forward,Validator-guided repaired bundle.,1.0,state,2,0,outputs\window_size_study\improved_phase3\repaired_bundles_raw\grok\repaired_benchmark_bundle.json,True,1,1.0,2025-06-01T15:00:01+00:00,0.04761199067427367,0.005046894731103275,13,outputs\window_size_study\improved_phase3\evaluations\grok__repaired_heldout_bundle__phase2_llm_benchmark_grok_synthetic_03_repaired,1.0,1.0
phase2_llm_benchmark_grok_synthetic_03_repaired,heldout_repaired_grok,extension experiments,grok,outputs\window_size_study\improved_phase3\repaired_bundles_raw\grok\repaired_benchmark_bundle.json,scn_oscillatory_control_pv35_curtailment_osc,PV35 Oscillatory Curtailment Command,unauthorized_command,oscillatory_control,"[""pv35""]","[""pv_pv35_curtailment_frac""]",pv,pv35,curtailment_frac,high,accepted,False,accepted_carried_forward,Validator-guided repaired bundle.,0.35,per_unit,3,0,outputs\window_size_study\improved_phase3\repaired_bundles_raw\grok\repaired_benchmark_bundle.json,True,1,1.0,2025-06-01T09:00:01+00:00,0.04742574013466482,0.004396345008094709,12,outputs\window_size_study\improved_phase3\evaluations\grok__repaired_heldout_bundle__phase2_llm_benchmark_grok_synthetic_03_repaired,1.0,0.75
