evaluation_context,generator_source,dataset_id,bundle_type,window_label,window_seconds,step_seconds,model_name,canonical_or_extension,status,precision,recall,f1,average_precision,roc_auc,false_positive_rate,mean_latency_seconds,median_latency_seconds,evaluated_windows,attack_window_count,benign_window_count,detected_scenarios,scenario_count,accepted_scenario_count,metrics_path,predictions_path,notes
heldout_synthetic_zero_day_like,chatgpt,phase2_zero_day_like_bundle_2026_04_15_c,existing_heldout_phase2_bundle,5s,5,1,transformer,canonical,blocked,,,,,,,,,0,0,0,0,10,8,,,"5s heldout synthetic sweep was blocked in this pass because raw 5s window generation across full-day attacked bundle traces exceeded the CPU-only completion-pass wall-clock budget, and no reusable prebuilt 5s replay residuals existed."
heldout_synthetic_zero_day_like,chatgpt,phase2_zero_day_like_bundle_2026_04_15_c,existing_heldout_phase2_bundle,5s,5,1,gru,canonical,blocked,,,,,,,,,0,0,0,0,10,8,,,"5s heldout synthetic sweep was blocked in this pass because raw 5s window generation across full-day attacked bundle traces exceeded the CPU-only completion-pass wall-clock budget, and no reusable prebuilt 5s replay residuals existed."
heldout_synthetic_zero_day_like,chatgpt,phase2_zero_day_like_bundle_2026_04_15_c,existing_heldout_phase2_bundle,5s,5,1,lstm_ae,blocked,not_implemented,,,,,,,,,0,0,0,0,10,8,,,No LSTM autoencoder detector implementation exists; MLP autoencoder is reported separately as `autoencoder`.
heldout_synthetic_zero_day_like,chatgpt,phase2_zero_day_like_bundle_2026_04_15_c,existing_heldout_phase2_bundle,5s,5,1,autoencoder,canonical,blocked,,,,,,,,,0,0,0,0,10,8,,,"5s heldout synthetic sweep was blocked in this pass because raw 5s window generation across full-day attacked bundle traces exceeded the CPU-only completion-pass wall-clock budget, and no reusable prebuilt 5s replay residuals existed."
heldout_synthetic_zero_day_like,chatgpt,phase2_zero_day_like_bundle_2026_04_15_c,existing_heldout_phase2_bundle,5s,5,1,isolation_forest,canonical,blocked,,,,,,,,,0,0,0,0,10,8,,,"5s heldout synthetic sweep was blocked in this pass because raw 5s window generation across full-day attacked bundle traces exceeded the CPU-only completion-pass wall-clock budget, and no reusable prebuilt 5s replay residuals existed."
heldout_synthetic_zero_day_like,chatgpt,phase2_zero_day_like_bundle_2026_04_15_c,existing_heldout_phase2_bundle,5s,5,1,threshold_baseline,canonical,blocked,,,,,,,,,0,0,0,0,10,8,,,"5s heldout synthetic sweep was blocked in this pass because raw 5s window generation across full-day attacked bundle traces exceeded the CPU-only completion-pass wall-clock budget, and no reusable prebuilt 5s replay residuals existed."
heldout_synthetic_zero_day_like,chatgpt,phase2_zero_day_like_bundle_2026_04_15_c,existing_heldout_phase2_bundle,5s,5,1,ttm_extension,extension,not_run,,,,,,,,,0,0,0,0,10,8,,,5s heldout synthetic sweep was blocked before any TTM extension run was possible.
heldout_synthetic_zero_day_like,chatgpt,phase2_zero_day_like_bundle_2026_04_15_c,existing_heldout_phase2_bundle,5s,5,1,arima,extension_blocked,not_implemented,,,,,,,,,0,0,0,0,10,8,,,ARIMA detector is not implemented in the repository.
heldout_synthetic_zero_day_like,chatgpt,phase2_zero_day_like_bundle_2026_04_15_c,existing_heldout_phase2_bundle,5s,5,1,lstm,canonical,blocked,,,,,,,,,0,0,0,0,10,8,,,"5s heldout synthetic sweep was blocked in this pass because raw 5s window generation across full-day attacked bundle traces exceeded the CPU-only completion-pass wall-clock budget, and no reusable prebuilt 5s replay residuals existed."
heldout_synthetic_zero_day_like,chatgpt,phase2_zero_day_like_bundle_2026_04_15_c,existing_heldout_phase2_bundle,10s,10,2,transformer,canonical,completed,0.03707113178911751,0.9973226238286479,0.07148511526375129,0.47381309290828966,0.680369912026959,0.9281740131421171,1.0,1.0,43192,1494,41698,8,10,8,<repo>/outputs\window_size_study\detector_window_zero_day_audit\zero_day_full_matrix\evaluations\chatgpt__existing_heldout_phase2_bundle__phase2_zero_day_like_bundle_2026_04_15_c\10s\transformer\metrics.json,<repo>/outputs\window_size_study\detector_window_zero_day_audit\zero_day_full_matrix\evaluations\chatgpt__existing_heldout_phase2_bundle__phase2_zero_day_like_bundle_2026_04_15_c\10s\transformer\predictions.parquet,Loaded from cached heldout synthetic evaluation artifact.
heldout_synthetic_zero_day_like,chatgpt,phase2_zero_day_like_bundle_2026_04_15_c,existing_heldout_phase2_bundle,10s,10,2,gru,canonical,completed,0.034589738840526026,1.0,0.06686658013695565,0.4562934604704901,0.7685163809024449,1.0,1.0,1.0,43192,1494,41698,8,10,8,<repo>/outputs\window_size_study\detector_window_zero_day_audit\zero_day_full_matrix\evaluations\chatgpt__existing_heldout_phase2_bundle__phase2_zero_day_like_bundle_2026_04_15_c\10s\gru\metrics.json,<repo>/outputs\window_size_study\detector_window_zero_day_audit\zero_day_full_matrix\evaluations\chatgpt__existing_heldout_phase2_bundle__phase2_zero_day_like_bundle_2026_04_15_c\10s\gru\predictions.parquet,Loaded from cached heldout synthetic evaluation artifact.
heldout_synthetic_zero_day_like,chatgpt,phase2_zero_day_like_bundle_2026_04_15_c,existing_heldout_phase2_bundle,10s,10,2,lstm_ae,blocked,not_implemented,,,,,,,,,0,0,0,0,10,8,,,No LSTM autoencoder detector implementation exists; MLP autoencoder is reported separately as `autoencoder`.
heldout_synthetic_zero_day_like,chatgpt,phase2_zero_day_like_bundle_2026_04_15_c,existing_heldout_phase2_bundle,10s,10,2,autoencoder,canonical,completed,0.05369989722507708,0.6994645247657296,0.09974229264102319,0.46601707044212304,0.7248283157649984,0.44159612479317045,1.0,1.0,43195,1494,41701,8,10,8,<repo>/outputs\window_size_study\detector_window_zero_day_audit\zero_day_full_matrix\evaluations\chatgpt__existing_heldout_phase2_bundle__phase2_zero_day_like_bundle_2026_04_15_c\10s\autoencoder\metrics.json,<repo>/outputs\window_size_study\detector_window_zero_day_audit\zero_day_full_matrix\evaluations\chatgpt__existing_heldout_phase2_bundle__phase2_zero_day_like_bundle_2026_04_15_c\10s\autoencoder\predictions.parquet,Loaded from cached heldout synthetic evaluation artifact.
heldout_synthetic_zero_day_like,chatgpt,phase2_zero_day_like_bundle_2026_04_15_c,existing_heldout_phase2_bundle,10s,10,2,isolation_forest,canonical,completed,0.034587336497279776,1.0,0.0668620913423885,0.02538154386074687,0.3390989920690893,1.0,1.0,1.0,43195,1494,41701,8,10,8,<repo>/outputs\window_size_study\detector_window_zero_day_audit\zero_day_full_matrix\evaluations\chatgpt__existing_heldout_phase2_bundle__phase2_zero_day_like_bundle_2026_04_15_c\10s\isolation_forest\metrics.json,<repo>/outputs\window_size_study\detector_window_zero_day_audit\zero_day_full_matrix\evaluations\chatgpt__existing_heldout_phase2_bundle__phase2_zero_day_like_bundle_2026_04_15_c\10s\isolation_forest\predictions.parquet,Loaded from cached heldout synthetic evaluation artifact.
heldout_synthetic_zero_day_like,chatgpt,phase2_zero_day_like_bundle_2026_04_15_c,existing_heldout_phase2_bundle,10s,10,2,threshold_baseline,canonical,completed,0.964824120603015,0.3855421686746988,0.5509325681492109,0.5812161769851575,0.7408498770507078,0.0005035850459221601,3.0,3.0,43195,1494,41701,2,10,8,<repo>/outputs\window_size_study\detector_window_zero_day_audit\zero_day_full_matrix\evaluations\chatgpt__existing_heldout_phase2_bundle__phase2_zero_day_like_bundle_2026_04_15_c\10s\threshold_baseline\metrics.json,<repo>/outputs\window_size_study\detector_window_zero_day_audit\zero_day_full_matrix\evaluations\chatgpt__existing_heldout_phase2_bundle__phase2_zero_day_like_bundle_2026_04_15_c\10s\threshold_baseline\predictions.parquet,Loaded from cached heldout synthetic evaluation artifact.
heldout_synthetic_zero_day_like,chatgpt,phase2_zero_day_like_bundle_2026_04_15_c,existing_heldout_phase2_bundle,10s,10,2,ttm_extension,extension,not_run,,,,,,,,,0,0,0,0,10,8,,,"No saved TTM benchmark artifact exists for this window, so heldout synthetic inference was not run."
heldout_synthetic_zero_day_like,chatgpt,phase2_zero_day_like_bundle_2026_04_15_c,existing_heldout_phase2_bundle,10s,10,2,arima,extension_blocked,not_implemented,,,,,,,,,0,0,0,0,10,8,,,ARIMA detector is not implemented in the repository.
heldout_synthetic_zero_day_like,chatgpt,phase2_zero_day_like_bundle_2026_04_15_c,existing_heldout_phase2_bundle,10s,10,2,lstm,canonical,completed,0.03459294248402334,1.0,0.0668725661340137,0.606752149951446,0.8153749774685959,1.0,1.0,1.0,43188,1494,41694,8,10,8,<repo>/outputs\window_size_study\detector_window_zero_day_audit\zero_day_full_matrix\evaluations\chatgpt__existing_heldout_phase2_bundle__phase2_zero_day_like_bundle_2026_04_15_c\10s\lstm\metrics.json,<repo>/outputs\window_size_study\detector_window_zero_day_audit\zero_day_full_matrix\evaluations\chatgpt__existing_heldout_phase2_bundle__phase2_zero_day_like_bundle_2026_04_15_c\10s\lstm\predictions.parquet,Loaded from cached heldout synthetic evaluation artifact.
heldout_synthetic_zero_day_like,chatgpt,phase2_zero_day_like_bundle_2026_04_15_c,existing_heldout_phase2_bundle,60s,60,12,transformer,canonical,completed,0.8983739837398373,0.8215613382899628,0.858252427184466,0.8242141422145212,0.9470436285538415,0.0036153289949385392,1.0,1.0,7184,269,6915,8,10,8,<repo>/outputs\window_size_study\detector_window_zero_day_audit\zero_day_full_matrix\evaluations\chatgpt__existing_heldout_phase2_bundle__phase2_zero_day_like_bundle_2026_04_15_c\60s\transformer\metrics.json,<repo>/outputs\window_size_study\detector_window_zero_day_audit\zero_day_full_matrix\evaluations\chatgpt__existing_heldout_phase2_bundle__phase2_zero_day_like_bundle_2026_04_15_c\60s\transformer\predictions.parquet,Loaded from cached heldout synthetic evaluation artifact.
heldout_synthetic_zero_day_like,chatgpt,phase2_zero_day_like_bundle_2026_04_15_c,existing_heldout_phase2_bundle,60s,60,12,gru,canonical,completed,0.9318181818181818,0.45724907063197023,0.6134663341645885,0.5492205866264902,0.8667811744846478,0.0013015184381778742,13.0,13.0,7184,269,6915,8,10,8,<repo>/outputs\window_size_study\detector_window_zero_day_audit\zero_day_full_matrix\evaluations\chatgpt__existing_heldout_phase2_bundle__phase2_zero_day_like_bundle_2026_04_15_c\60s\gru\metrics.json,<repo>/outputs\window_size_study\detector_window_zero_day_audit\zero_day_full_matrix\evaluations\chatgpt__existing_heldout_phase2_bundle__phase2_zero_day_like_bundle_2026_04_15_c\60s\gru\predictions.parquet,Loaded from cached heldout synthetic evaluation artifact.
heldout_synthetic_zero_day_like,chatgpt,phase2_zero_day_like_bundle_2026_04_15_c,existing_heldout_phase2_bundle,60s,60,12,lstm_ae,blocked,not_implemented,,,,,,,,,0,0,0,0,10,8,,,No LSTM autoencoder detector implementation exists; MLP autoencoder is reported separately as `autoencoder`.
heldout_synthetic_zero_day_like,chatgpt,phase2_zero_day_like_bundle_2026_04_15_c,existing_heldout_phase2_bundle,60s,60,12,autoencoder,canonical,completed,0.051982378854625554,0.8773234200743495,0.09814930338947807,0.6030765161221171,0.824899870859978,0.6214265088073925,1.0,1.0,7195,269,6926,8,10,8,<repo>/outputs\window_size_study\detector_window_zero_day_audit\zero_day_full_matrix\evaluations\chatgpt__existing_heldout_phase2_bundle__phase2_zero_day_like_bundle_2026_04_15_c\60s\autoencoder\metrics.json,<repo>/outputs\window_size_study\detector_window_zero_day_audit\zero_day_full_matrix\evaluations\chatgpt__existing_heldout_phase2_bundle__phase2_zero_day_like_bundle_2026_04_15_c\60s\autoencoder\predictions.parquet,Loaded from cached heldout synthetic evaluation artifact.
heldout_synthetic_zero_day_like,chatgpt,phase2_zero_day_like_bundle_2026_04_15_c,existing_heldout_phase2_bundle,60s,60,12,isolation_forest,canonical,completed,0.0373870743571925,1.0,0.07207931404072883,0.024806356745025154,0.28537690529839077,1.0,1.0,1.0,7195,269,6926,8,10,8,<repo>/outputs\window_size_study\detector_window_zero_day_audit\zero_day_full_matrix\evaluations\chatgpt__existing_heldout_phase2_bundle__phase2_zero_day_like_bundle_2026_04_15_c\60s\isolation_forest\metrics.json,<repo>/outputs\window_size_study\detector_window_zero_day_audit\zero_day_full_matrix\evaluations\chatgpt__existing_heldout_phase2_bundle__phase2_zero_day_like_bundle_2026_04_15_c\60s\isolation_forest\predictions.parquet,Loaded from cached heldout synthetic evaluation artifact.
heldout_synthetic_zero_day_like,chatgpt,phase2_zero_day_like_bundle_2026_04_15_c,existing_heldout_phase2_bundle,60s,60,12,threshold_baseline,canonical,completed,0.9602649006622517,0.5390334572490706,0.6904761904761905,0.639499624991269,0.7921334081908911,0.0008663008951775916,21.0,13.0,7195,269,6926,3,10,8,<repo>/outputs\window_size_study\detector_window_zero_day_audit\zero_day_full_matrix\evaluations\chatgpt__existing_heldout_phase2_bundle__phase2_zero_day_like_bundle_2026_04_15_c\60s\threshold_baseline\metrics.json,<repo>/outputs\window_size_study\detector_window_zero_day_audit\zero_day_full_matrix\evaluations\chatgpt__existing_heldout_phase2_bundle__phase2_zero_day_like_bundle_2026_04_15_c\60s\threshold_baseline\predictions.parquet,Loaded from cached heldout synthetic evaluation artifact.
heldout_synthetic_zero_day_like,chatgpt,phase2_zero_day_like_bundle_2026_04_15_c,existing_heldout_phase2_bundle,60s,60,12,ttm_extension,extension,completed,0.46987951807228917,0.1449814126394052,0.2215909090909091,0.19397467961826012,0.6833400900925121,0.006363899334683252,1.0,1.0,7183,269,6914,8,10,8,<repo>/outputs\window_size_study\detector_window_zero_day_audit\zero_day_full_matrix\evaluations\chatgpt__existing_heldout_phase2_bundle__phase2_zero_day_like_bundle_2026_04_15_c\60s\ttm_extension\metrics.json,<repo>/outputs\window_size_study\detector_window_zero_day_audit\zero_day_full_matrix\evaluations\chatgpt__existing_heldout_phase2_bundle__phase2_zero_day_like_bundle_2026_04_15_c\60s\ttm_extension\predictions.parquet,Loaded from cached heldout synthetic evaluation artifact.
heldout_synthetic_zero_day_like,chatgpt,phase2_zero_day_like_bundle_2026_04_15_c,existing_heldout_phase2_bundle,60s,60,12,arima,extension_blocked,not_implemented,,,,,,,,,0,0,0,0,10,8,,,ARIMA detector is not implemented in the repository.
heldout_synthetic_zero_day_like,chatgpt,phase2_zero_day_like_bundle_2026_04_15_c,existing_heldout_phase2_bundle,60s,60,12,lstm,canonical,completed,0.9448818897637795,0.44609665427509293,0.6060606060606061,0.8051925151137848,0.9086507162114577,0.001012292118582791,13.0,13.0,7184,269,6915,6,10,8,<repo>/outputs\window_size_study\detector_window_zero_day_audit\zero_day_full_matrix\evaluations\chatgpt__existing_heldout_phase2_bundle__phase2_zero_day_like_bundle_2026_04_15_c\60s\lstm\metrics.json,<repo>/outputs\window_size_study\detector_window_zero_day_audit\zero_day_full_matrix\evaluations\chatgpt__existing_heldout_phase2_bundle__phase2_zero_day_like_bundle_2026_04_15_c\60s\lstm\predictions.parquet,Loaded from cached heldout synthetic evaluation artifact.
heldout_synthetic_zero_day_like,chatgpt,phase2_zero_day_like_bundle_2026_04_15_c,existing_heldout_phase2_bundle,300s,300,60,transformer,canonical,completed,0.9264705882352942,0.863013698630137,0.8936170212765957,0.9088800878373686,0.9902224641406352,0.003679175864606328,61.0,61.0,1432,73,1359,8,10,8,<repo>/outputs\window_size_study\detector_window_zero_day_audit\zero_day_full_matrix\evaluations\chatgpt__existing_heldout_phase2_bundle__phase2_zero_day_like_bundle_2026_04_15_c\300s\transformer\metrics.json,<repo>/outputs\window_size_study\detector_window_zero_day_audit\zero_day_full_matrix\evaluations\chatgpt__existing_heldout_phase2_bundle__phase2_zero_day_like_bundle_2026_04_15_c\300s\transformer\predictions.parquet,Loaded from cached heldout synthetic evaluation artifact.
heldout_synthetic_zero_day_like,chatgpt,phase2_zero_day_like_bundle_2026_04_15_c,existing_heldout_phase2_bundle,300s,300,60,gru,canonical,completed,0.9285714285714286,0.8904109589041096,0.9090909090909091,0.9454161467836613,0.9787262995554749,0.003679175864606328,61.0,61.0,1432,73,1359,8,10,8,<repo>/outputs\window_size_study\detector_window_zero_day_audit\zero_day_full_matrix\evaluations\chatgpt__existing_heldout_phase2_bundle__phase2_zero_day_like_bundle_2026_04_15_c\300s\gru\metrics.json,<repo>/outputs\window_size_study\detector_window_zero_day_audit\zero_day_full_matrix\evaluations\chatgpt__existing_heldout_phase2_bundle__phase2_zero_day_like_bundle_2026_04_15_c\300s\gru\predictions.parquet,Loaded from cached heldout synthetic evaluation artifact.
heldout_synthetic_zero_day_like,chatgpt,phase2_zero_day_like_bundle_2026_04_15_c,existing_heldout_phase2_bundle,300s,300,60,lstm_ae,blocked,not_implemented,,,,,,,,,0,0,0,0,10,8,,,No LSTM autoencoder detector implementation exists; MLP autoencoder is reported separately as `autoencoder`.
heldout_synthetic_zero_day_like,chatgpt,phase2_zero_day_like_bundle_2026_04_15_c,existing_heldout_phase2_bundle,300s,300,60,autoencoder,canonical,completed,0.06486486486486487,0.9863013698630136,0.12172442941673711,0.6903398904098649,0.934664976967795,0.762114537444934,1.0,1.0,1435,73,1362,8,10,8,<repo>/outputs\window_size_study\detector_window_zero_day_audit\zero_day_full_matrix\evaluations\chatgpt__existing_heldout_phase2_bundle__phase2_zero_day_like_bundle_2026_04_15_c\300s\autoencoder\metrics.json,<repo>/outputs\window_size_study\detector_window_zero_day_audit\zero_day_full_matrix\evaluations\chatgpt__existing_heldout_phase2_bundle__phase2_zero_day_like_bundle_2026_04_15_c\300s\autoencoder\predictions.parquet,Loaded from cached heldout synthetic evaluation artifact.
heldout_synthetic_zero_day_like,chatgpt,phase2_zero_day_like_bundle_2026_04_15_c,existing_heldout_phase2_bundle,300s,300,60,isolation_forest,canonical,completed,0.02939068100358423,0.5616438356164384,0.055858310626702996,0.028023517417966128,0.13626214471063908,0.9941262848751835,301.0,301.0,1435,73,1362,8,10,8,<repo>/outputs\window_size_study\detector_window_zero_day_audit\zero_day_full_matrix\evaluations\chatgpt__existing_heldout_phase2_bundle__phase2_zero_day_like_bundle_2026_04_15_c\300s\isolation_forest\metrics.json,<repo>/outputs\window_size_study\detector_window_zero_day_audit\zero_day_full_matrix\evaluations\chatgpt__existing_heldout_phase2_bundle__phase2_zero_day_like_bundle_2026_04_15_c\300s\isolation_forest\predictions.parquet,Loaded from cached heldout synthetic evaluation artifact.
heldout_synthetic_zero_day_like,chatgpt,phase2_zero_day_like_bundle_2026_04_15_c,existing_heldout_phase2_bundle,300s,300,60,threshold_baseline,canonical,completed,0.8113207547169812,0.589041095890411,0.6825396825396826,0.7527363181287701,0.9055176714340314,0.007342143906020558,16.0,1.0,1435,73,1362,4,10,8,<repo>/outputs\window_size_study\detector_window_zero_day_audit\zero_day_full_matrix\evaluations\chatgpt__existing_heldout_phase2_bundle__phase2_zero_day_like_bundle_2026_04_15_c\300s\threshold_baseline\metrics.json,<repo>/outputs\window_size_study\detector_window_zero_day_audit\zero_day_full_matrix\evaluations\chatgpt__existing_heldout_phase2_bundle__phase2_zero_day_like_bundle_2026_04_15_c\300s\threshold_baseline\predictions.parquet,Loaded from cached heldout synthetic evaluation artifact.
heldout_synthetic_zero_day_like,chatgpt,phase2_zero_day_like_bundle_2026_04_15_c,existing_heldout_phase2_bundle,300s,300,60,ttm_extension,extension,not_run,,,,,,,,,0,0,0,0,10,8,,,"No saved TTM benchmark artifact exists for this window, so heldout synthetic inference was not run."
heldout_synthetic_zero_day_like,chatgpt,phase2_zero_day_like_bundle_2026_04_15_c,existing_heldout_phase2_bundle,300s,300,60,arima,extension_blocked,not_implemented,,,,,,,,,0,0,0,0,10,8,,,ARIMA detector is not implemented in the repository.
heldout_synthetic_zero_day_like,chatgpt,phase2_zero_day_like_bundle_2026_04_15_c,existing_heldout_phase2_bundle,300s,300,60,lstm,canonical,completed,0.9436619718309859,0.9178082191780822,0.9305555555555556,0.9542496112283834,0.9789631780015523,0.0029433406916850625,61.0,61.0,1432,73,1359,8,10,8,<repo>/outputs\window_size_study\detector_window_zero_day_audit\zero_day_full_matrix\evaluations\chatgpt__existing_heldout_phase2_bundle__phase2_zero_day_like_bundle_2026_04_15_c\300s\lstm\metrics.json,<repo>/outputs\window_size_study\detector_window_zero_day_audit\zero_day_full_matrix\evaluations\chatgpt__existing_heldout_phase2_bundle__phase2_zero_day_like_bundle_2026_04_15_c\300s\lstm\predictions.parquet,Loaded from cached heldout synthetic evaluation artifact.
heldout_synthetic_zero_day_like,claude,claude_phase2_llm_benchmark_v2,existing_heldout_phase2_bundle,5s,5,1,transformer,canonical,blocked,,,,,,,,,0,0,0,0,10,7,,,"5s heldout synthetic sweep was blocked in this pass because raw 5s window generation across full-day attacked bundle traces exceeded the CPU-only completion-pass wall-clock budget, and no reusable prebuilt 5s replay residuals existed."
heldout_synthetic_zero_day_like,claude,claude_phase2_llm_benchmark_v2,existing_heldout_phase2_bundle,5s,5,1,gru,canonical,blocked,,,,,,,,,0,0,0,0,10,7,,,"5s heldout synthetic sweep was blocked in this pass because raw 5s window generation across full-day attacked bundle traces exceeded the CPU-only completion-pass wall-clock budget, and no reusable prebuilt 5s replay residuals existed."
heldout_synthetic_zero_day_like,claude,claude_phase2_llm_benchmark_v2,existing_heldout_phase2_bundle,5s,5,1,lstm_ae,blocked,not_implemented,,,,,,,,,0,0,0,0,10,7,,,No LSTM autoencoder detector implementation exists; MLP autoencoder is reported separately as `autoencoder`.
heldout_synthetic_zero_day_like,claude,claude_phase2_llm_benchmark_v2,existing_heldout_phase2_bundle,5s,5,1,autoencoder,canonical,blocked,,,,,,,,,0,0,0,0,10,7,,,"5s heldout synthetic sweep was blocked in this pass because raw 5s window generation across full-day attacked bundle traces exceeded the CPU-only completion-pass wall-clock budget, and no reusable prebuilt 5s replay residuals existed."
heldout_synthetic_zero_day_like,claude,claude_phase2_llm_benchmark_v2,existing_heldout_phase2_bundle,5s,5,1,isolation_forest,canonical,blocked,,,,,,,,,0,0,0,0,10,7,,,"5s heldout synthetic sweep was blocked in this pass because raw 5s window generation across full-day attacked bundle traces exceeded the CPU-only completion-pass wall-clock budget, and no reusable prebuilt 5s replay residuals existed."
heldout_synthetic_zero_day_like,claude,claude_phase2_llm_benchmark_v2,existing_heldout_phase2_bundle,5s,5,1,threshold_baseline,canonical,blocked,,,,,,,,,0,0,0,0,10,7,,,"5s heldout synthetic sweep was blocked in this pass because raw 5s window generation across full-day attacked bundle traces exceeded the CPU-only completion-pass wall-clock budget, and no reusable prebuilt 5s replay residuals existed."
heldout_synthetic_zero_day_like,claude,claude_phase2_llm_benchmark_v2,existing_heldout_phase2_bundle,5s,5,1,ttm_extension,extension,not_run,,,,,,,,,0,0,0,0,10,7,,,5s heldout synthetic sweep was blocked before any TTM extension run was possible.
heldout_synthetic_zero_day_like,claude,claude_phase2_llm_benchmark_v2,existing_heldout_phase2_bundle,5s,5,1,arima,extension_blocked,not_implemented,,,,,,,,,0,0,0,0,10,7,,,ARIMA detector is not implemented in the repository.
heldout_synthetic_zero_day_like,claude,claude_phase2_llm_benchmark_v2,existing_heldout_phase2_bundle,5s,5,1,lstm,canonical,blocked,,,,,,,,,0,0,0,0,10,7,,,"5s heldout synthetic sweep was blocked in this pass because raw 5s window generation across full-day attacked bundle traces exceeded the CPU-only completion-pass wall-clock budget, and no reusable prebuilt 5s replay residuals existed."
heldout_synthetic_zero_day_like,claude,claude_phase2_llm_benchmark_v2,existing_heldout_phase2_bundle,10s,10,2,transformer,canonical,completed,0.036890802273862475,1.0,0.07115658118089645,0.04393852094881259,0.5314073237005679,0.9724070027136716,1.0,1.0,43192,1551,41641,7,10,7,<repo>/outputs\window_size_study\detector_window_zero_day_audit\zero_day_full_matrix\evaluations\claude__existing_heldout_phase2_bundle__claude_phase2_llm_benchmark_v2\10s\transformer\metrics.json,<repo>/outputs\window_size_study\detector_window_zero_day_audit\zero_day_full_matrix\evaluations\claude__existing_heldout_phase2_bundle__claude_phase2_llm_benchmark_v2\10s\transformer\predictions.parquet,Loaded from cached heldout synthetic evaluation artifact.
heldout_synthetic_zero_day_like,claude,claude_phase2_llm_benchmark_v2,existing_heldout_phase2_bundle,10s,10,2,gru,canonical,completed,0.03606290040768783,0.9980657640232108,0.0696105764906916,0.03522816969002923,0.42659289340802603,0.9936600946182849,1.0,1.0,43192,1551,41641,7,10,7,<repo>/outputs\window_size_study\detector_window_zero_day_audit\zero_day_full_matrix\evaluations\claude__existing_heldout_phase2_bundle__claude_phase2_llm_benchmark_v2\10s\gru\metrics.json,<repo>/outputs\window_size_study\detector_window_zero_day_audit\zero_day_full_matrix\evaluations\claude__existing_heldout_phase2_bundle__claude_phase2_llm_benchmark_v2\10s\gru\predictions.parquet,Loaded from cached heldout synthetic evaluation artifact.
heldout_synthetic_zero_day_like,claude,claude_phase2_llm_benchmark_v2,existing_heldout_phase2_bundle,10s,10,2,lstm_ae,blocked,not_implemented,,,,,,,,,0,0,0,0,10,7,,,No LSTM autoencoder detector implementation exists; MLP autoencoder is reported separately as `autoencoder`.
heldout_synthetic_zero_day_like,claude,claude_phase2_llm_benchmark_v2,existing_heldout_phase2_bundle,10s,10,2,autoencoder,canonical,completed,0.05033916458407712,0.5454545454545454,0.09217192351691453,0.04875599431435008,0.5825259308568697,0.3832484871770243,1.0,1.0,43195,1551,41644,7,10,7,<repo>/outputs\window_size_study\detector_window_zero_day_audit\zero_day_full_matrix\evaluations\claude__existing_heldout_phase2_bundle__claude_phase2_llm_benchmark_v2\10s\autoencoder\metrics.json,<repo>/outputs\window_size_study\detector_window_zero_day_audit\zero_day_full_matrix\evaluations\claude__existing_heldout_phase2_bundle__claude_phase2_llm_benchmark_v2\10s\autoencoder\predictions.parquet,Loaded from cached heldout synthetic evaluation artifact.
heldout_synthetic_zero_day_like,claude,claude_phase2_llm_benchmark_v2,existing_heldout_phase2_bundle,10s,10,2,isolation_forest,canonical,completed,0.0359069336728788,1.0,0.06932463236937379,0.03693881840932664,0.4779856412100949,1.0,1.0,1.0,43195,1551,41644,7,10,7,<repo>/outputs\window_size_study\detector_window_zero_day_audit\zero_day_full_matrix\evaluations\claude__existing_heldout_phase2_bundle__claude_phase2_llm_benchmark_v2\10s\isolation_forest\metrics.json,<repo>/outputs\window_size_study\detector_window_zero_day_audit\zero_day_full_matrix\evaluations\claude__existing_heldout_phase2_bundle__claude_phase2_llm_benchmark_v2\10s\isolation_forest\predictions.parquet,Loaded from cached heldout synthetic evaluation artifact.
heldout_synthetic_zero_day_like,claude,claude_phase2_llm_benchmark_v2,existing_heldout_phase2_bundle,10s,10,2,threshold_baseline,canonical,completed,0.08205470313542361,0.2379110251450677,0.12202380952380952,0.08371901040700531,0.6214076627898342,0.09912592450292959,44.0,44.0,43195,1551,41644,2,10,7,<repo>/outputs\window_size_study\detector_window_zero_day_audit\zero_day_full_matrix\evaluations\claude__existing_heldout_phase2_bundle__claude_phase2_llm_benchmark_v2\10s\threshold_baseline\metrics.json,<repo>/outputs\window_size_study\detector_window_zero_day_audit\zero_day_full_matrix\evaluations\claude__existing_heldout_phase2_bundle__claude_phase2_llm_benchmark_v2\10s\threshold_baseline\predictions.parquet,Loaded from cached heldout synthetic evaluation artifact.
heldout_synthetic_zero_day_like,claude,claude_phase2_llm_benchmark_v2,existing_heldout_phase2_bundle,10s,10,2,ttm_extension,extension,not_run,,,,,,,,,0,0,0,0,10,7,,,"No saved TTM benchmark artifact exists for this window, so heldout synthetic inference was not run."
heldout_synthetic_zero_day_like,claude,claude_phase2_llm_benchmark_v2,existing_heldout_phase2_bundle,10s,10,2,arima,extension_blocked,not_implemented,,,,,,,,,0,0,0,0,10,7,,,ARIMA detector is not implemented in the repository.
heldout_synthetic_zero_day_like,claude,claude_phase2_llm_benchmark_v2,existing_heldout_phase2_bundle,10s,10,2,lstm,canonical,completed,0.035916911747678484,1.0,0.06934322886395136,0.032560765201305644,0.4467688537759194,0.9998799144991234,1.0,1.0,43188,1551,41637,7,10,7,<repo>/outputs\window_size_study\detector_window_zero_day_audit\zero_day_full_matrix\evaluations\claude__existing_heldout_phase2_bundle__claude_phase2_llm_benchmark_v2\10s\lstm\metrics.json,<repo>/outputs\window_size_study\detector_window_zero_day_audit\zero_day_full_matrix\evaluations\claude__existing_heldout_phase2_bundle__claude_phase2_llm_benchmark_v2\10s\lstm\predictions.parquet,Loaded from cached heldout synthetic evaluation artifact.
heldout_synthetic_zero_day_like,claude,claude_phase2_llm_benchmark_v2,existing_heldout_phase2_bundle,60s,60,12,transformer,canonical,completed,0.7222222222222222,0.32971014492753625,0.4527363184079602,0.4076201621310106,0.7849773000008392,0.00506658946149392,1.0,1.0,7184,276,6908,7,10,7,<repo>/outputs\window_size_study\detector_window_zero_day_audit\zero_day_full_matrix\evaluations\claude__existing_heldout_phase2_bundle__claude_phase2_llm_benchmark_v2\60s\transformer\metrics.json,<repo>/outputs\window_size_study\detector_window_zero_day_audit\zero_day_full_matrix\evaluations\claude__existing_heldout_phase2_bundle__claude_phase2_llm_benchmark_v2\60s\transformer\predictions.parquet,Loaded from cached heldout synthetic evaluation artifact.
heldout_synthetic_zero_day_like,claude,claude_phase2_llm_benchmark_v2,existing_heldout_phase2_bundle,60s,60,12,gru,canonical,completed,0.13186813186813187,0.30434782608695654,0.18400876232201532,0.3409610156575619,0.800533198224281,0.08005211349160393,13.0,13.0,7184,276,6908,6,10,7,<repo>/outputs\window_size_study\detector_window_zero_day_audit\zero_day_full_matrix\evaluations\claude__existing_heldout_phase2_bundle__claude_phase2_llm_benchmark_v2\60s\gru\metrics.json,<repo>/outputs\window_size_study\detector_window_zero_day_audit\zero_day_full_matrix\evaluations\claude__existing_heldout_phase2_bundle__claude_phase2_llm_benchmark_v2\60s\gru\predictions.parquet,Loaded from cached heldout synthetic evaluation artifact.
heldout_synthetic_zero_day_like,claude,claude_phase2_llm_benchmark_v2,existing_heldout_phase2_bundle,60s,60,12,lstm_ae,blocked,not_implemented,,,,,,,,,0,0,0,0,10,7,,,No LSTM autoencoder detector implementation exists; MLP autoencoder is reported separately as `autoencoder`.
heldout_synthetic_zero_day_like,claude,claude_phase2_llm_benchmark_v2,existing_heldout_phase2_bundle,60s,60,12,autoencoder,canonical,completed,0.049489795918367344,0.7028985507246377,0.09246901811248809,0.17330931009875258,0.646734679343375,0.5385171267524209,1.0,1.0,7195,276,6919,7,10,7,<repo>/outputs\window_size_study\detector_window_zero_day_audit\zero_day_full_matrix\evaluations\claude__existing_heldout_phase2_bundle__claude_phase2_llm_benchmark_v2\60s\autoencoder\metrics.json,<repo>/outputs\window_size_study\detector_window_zero_day_audit\zero_day_full_matrix\evaluations\claude__existing_heldout_phase2_bundle__claude_phase2_llm_benchmark_v2\60s\autoencoder\predictions.parquet,Loaded from cached heldout synthetic evaluation artifact.
heldout_synthetic_zero_day_like,claude,claude_phase2_llm_benchmark_v2,existing_heldout_phase2_bundle,60s,60,12,isolation_forest,canonical,completed,0.038359972202918695,1.0,0.0738856913398474,0.03357771119603817,0.3880225843141444,1.0,1.0,1.0,7195,276,6919,7,10,7,<repo>/outputs\window_size_study\detector_window_zero_day_audit\zero_day_full_matrix\evaluations\claude__existing_heldout_phase2_bundle__claude_phase2_llm_benchmark_v2\60s\isolation_forest\metrics.json,<repo>/outputs\window_size_study\detector_window_zero_day_audit\zero_day_full_matrix\evaluations\claude__existing_heldout_phase2_bundle__claude_phase2_llm_benchmark_v2\60s\isolation_forest\predictions.parquet,Loaded from cached heldout synthetic evaluation artifact.
heldout_synthetic_zero_day_like,claude,claude_phase2_llm_benchmark_v2,existing_heldout_phase2_bundle,60s,60,12,threshold_baseline,canonical,completed,0.1839080459770115,0.2318840579710145,0.20512820512820512,0.09422276658000313,0.6504879967156181,0.041046393987570456,127.0,127.0,7195,276,6919,2,10,7,<repo>/outputs\window_size_study\detector_window_zero_day_audit\zero_day_full_matrix\evaluations\claude__existing_heldout_phase2_bundle__claude_phase2_llm_benchmark_v2\60s\threshold_baseline\metrics.json,<repo>/outputs\window_size_study\detector_window_zero_day_audit\zero_day_full_matrix\evaluations\claude__existing_heldout_phase2_bundle__claude_phase2_llm_benchmark_v2\60s\threshold_baseline\predictions.parquet,Loaded from cached heldout synthetic evaluation artifact.
heldout_synthetic_zero_day_like,claude,claude_phase2_llm_benchmark_v2,existing_heldout_phase2_bundle,60s,60,12,ttm_extension,extension,completed,0.1746031746031746,0.2391304347826087,0.2018348623853211,0.11286232736559954,0.7040541731450766,0.045171565078905455,1.0,1.0,7183,276,6907,7,10,7,<repo>/outputs\window_size_study\detector_window_zero_day_audit\zero_day_full_matrix\evaluations\claude__existing_heldout_phase2_bundle__claude_phase2_llm_benchmark_v2\60s\ttm_extension\metrics.json,<repo>/outputs\window_size_study\detector_window_zero_day_audit\zero_day_full_matrix\evaluations\claude__existing_heldout_phase2_bundle__claude_phase2_llm_benchmark_v2\60s\ttm_extension\predictions.parquet,Loaded from cached heldout synthetic evaluation artifact.
heldout_synthetic_zero_day_like,claude,claude_phase2_llm_benchmark_v2,existing_heldout_phase2_bundle,60s,60,12,arima,extension_blocked,not_implemented,,,,,,,,,0,0,0,0,10,7,,,ARIMA detector is not implemented in the repository.
heldout_synthetic_zero_day_like,claude,claude_phase2_llm_benchmark_v2,existing_heldout_phase2_bundle,60s,60,12,lstm,canonical,completed,1.0,0.2898550724637681,0.449438202247191,0.37449469196350543,0.7479733642154024,0.0,13.0,13.0,7184,276,6908,6,10,7,<repo>/outputs\window_size_study\detector_window_zero_day_audit\zero_day_full_matrix\evaluations\claude__existing_heldout_phase2_bundle__claude_phase2_llm_benchmark_v2\60s\lstm\metrics.json,<repo>/outputs\window_size_study\detector_window_zero_day_audit\zero_day_full_matrix\evaluations\claude__existing_heldout_phase2_bundle__claude_phase2_llm_benchmark_v2\60s\lstm\predictions.parquet,Loaded from cached heldout synthetic evaluation artifact.
heldout_synthetic_zero_day_like,claude,claude_phase2_llm_benchmark_v2,existing_heldout_phase2_bundle,300s,300,60,transformer,canonical,completed,0.9555555555555556,0.5972222222222222,0.7350427350427351,0.7162663007299831,0.8611621732026145,0.0014705882352941176,61.0,61.0,1432,72,1360,7,10,7,<repo>/outputs\window_size_study\detector_window_zero_day_audit\zero_day_full_matrix\evaluations\claude__existing_heldout_phase2_bundle__claude_phase2_llm_benchmark_v2\300s\transformer\metrics.json,<repo>/outputs\window_size_study\detector_window_zero_day_audit\zero_day_full_matrix\evaluations\claude__existing_heldout_phase2_bundle__claude_phase2_llm_benchmark_v2\300s\transformer\predictions.parquet,Loaded from cached heldout synthetic evaluation artifact.
heldout_synthetic_zero_day_like,claude,claude_phase2_llm_benchmark_v2,existing_heldout_phase2_bundle,300s,300,60,gru,canonical,completed,0.975,0.5416666666666666,0.6964285714285714,0.7356900656468296,0.8572712418300654,0.0007352941176470588,61.0,61.0,1432,72,1360,7,10,7,<repo>/outputs\window_size_study\detector_window_zero_day_audit\zero_day_full_matrix\evaluations\claude__existing_heldout_phase2_bundle__claude_phase2_llm_benchmark_v2\300s\gru\metrics.json,<repo>/outputs\window_size_study\detector_window_zero_day_audit\zero_day_full_matrix\evaluations\claude__existing_heldout_phase2_bundle__claude_phase2_llm_benchmark_v2\300s\gru\predictions.parquet,Loaded from cached heldout synthetic evaluation artifact.
heldout_synthetic_zero_day_like,claude,claude_phase2_llm_benchmark_v2,existing_heldout_phase2_bundle,300s,300,60,lstm_ae,blocked,not_implemented,,,,,,,,,0,0,0,0,10,7,,,No LSTM autoencoder detector implementation exists; MLP autoencoder is reported separately as `autoencoder`.
heldout_synthetic_zero_day_like,claude,claude_phase2_llm_benchmark_v2,existing_heldout_phase2_bundle,300s,300,60,autoencoder,canonical,completed,0.0594059405940594,0.9166666666666666,0.11158072696534235,0.18523557520247527,0.753994456672373,0.7666911225238444,1.0,1.0,1435,72,1363,7,10,7,<repo>/outputs\window_size_study\detector_window_zero_day_audit\zero_day_full_matrix\evaluations\claude__existing_heldout_phase2_bundle__claude_phase2_llm_benchmark_v2\300s\autoencoder\metrics.json,<repo>/outputs\window_size_study\detector_window_zero_day_audit\zero_day_full_matrix\evaluations\claude__existing_heldout_phase2_bundle__claude_phase2_llm_benchmark_v2\300s\autoencoder\predictions.parquet,Loaded from cached heldout synthetic evaluation artifact.
heldout_synthetic_zero_day_like,claude,claude_phase2_llm_benchmark_v2,existing_heldout_phase2_bundle,300s,300,60,isolation_forest,canonical,completed,0.03142857142857143,0.6111111111111112,0.059782608695652176,0.032775555860396356,0.2491644248797587,0.9948642699926632,301.0,301.0,1435,72,1363,7,10,7,<repo>/outputs\window_size_study\detector_window_zero_day_audit\zero_day_full_matrix\evaluations\claude__existing_heldout_phase2_bundle__claude_phase2_llm_benchmark_v2\300s\isolation_forest\metrics.json,<repo>/outputs\window_size_study\detector_window_zero_day_audit\zero_day_full_matrix\evaluations\claude__existing_heldout_phase2_bundle__claude_phase2_llm_benchmark_v2\300s\isolation_forest\predictions.parquet,Loaded from cached heldout synthetic evaluation artifact.
heldout_synthetic_zero_day_like,claude,claude_phase2_llm_benchmark_v2,existing_heldout_phase2_bundle,300s,300,60,threshold_baseline,canonical,completed,0.2054794520547945,0.20833333333333334,0.20689655172413793,0.18458067916376353,0.7550847803048831,0.0425531914893617,61.0,61.0,1435,72,1363,1,10,7,<repo>/outputs\window_size_study\detector_window_zero_day_audit\zero_day_full_matrix\evaluations\claude__existing_heldout_phase2_bundle__claude_phase2_llm_benchmark_v2\300s\threshold_baseline\metrics.json,<repo>/outputs\window_size_study\detector_window_zero_day_audit\zero_day_full_matrix\evaluations\claude__existing_heldout_phase2_bundle__claude_phase2_llm_benchmark_v2\300s\threshold_baseline\predictions.parquet,Loaded from cached heldout synthetic evaluation artifact.
heldout_synthetic_zero_day_like,claude,claude_phase2_llm_benchmark_v2,existing_heldout_phase2_bundle,300s,300,60,ttm_extension,extension,not_run,,,,,,,,,0,0,0,0,10,7,,,"No saved TTM benchmark artifact exists for this window, so heldout synthetic inference was not run."
heldout_synthetic_zero_day_like,claude,claude_phase2_llm_benchmark_v2,existing_heldout_phase2_bundle,300s,300,60,arima,extension_blocked,not_implemented,,,,,,,,,0,0,0,0,10,7,,,ARIMA detector is not implemented in the repository.
heldout_synthetic_zero_day_like,claude,claude_phase2_llm_benchmark_v2,existing_heldout_phase2_bundle,300s,300,60,lstm,canonical,completed,0.9777777777777777,0.6111111111111112,0.7521367521367521,0.7446565325700764,0.8853553921568627,0.0007352941176470588,61.0,61.0,1432,72,1360,7,10,7,<repo>/outputs\window_size_study\detector_window_zero_day_audit\zero_day_full_matrix\evaluations\claude__existing_heldout_phase2_bundle__claude_phase2_llm_benchmark_v2\300s\lstm\metrics.json,<repo>/outputs\window_size_study\detector_window_zero_day_audit\zero_day_full_matrix\evaluations\claude__existing_heldout_phase2_bundle__claude_phase2_llm_benchmark_v2\300s\lstm\predictions.parquet,Loaded from cached heldout synthetic evaluation artifact.
heldout_synthetic_zero_day_like,gemini,phase2_llm_synthetic_benchmark_002,existing_heldout_phase2_bundle,5s,5,1,transformer,canonical,blocked,,,,,,,,,0,0,0,0,10,5,,,"5s heldout synthetic sweep was blocked in this pass because raw 5s window generation across full-day attacked bundle traces exceeded the CPU-only completion-pass wall-clock budget, and no reusable prebuilt 5s replay residuals existed."
heldout_synthetic_zero_day_like,gemini,phase2_llm_synthetic_benchmark_002,existing_heldout_phase2_bundle,5s,5,1,gru,canonical,blocked,,,,,,,,,0,0,0,0,10,5,,,"5s heldout synthetic sweep was blocked in this pass because raw 5s window generation across full-day attacked bundle traces exceeded the CPU-only completion-pass wall-clock budget, and no reusable prebuilt 5s replay residuals existed."
heldout_synthetic_zero_day_like,gemini,phase2_llm_synthetic_benchmark_002,existing_heldout_phase2_bundle,5s,5,1,lstm_ae,blocked,not_implemented,,,,,,,,,0,0,0,0,10,5,,,No LSTM autoencoder detector implementation exists; MLP autoencoder is reported separately as `autoencoder`.
heldout_synthetic_zero_day_like,gemini,phase2_llm_synthetic_benchmark_002,existing_heldout_phase2_bundle,5s,5,1,autoencoder,canonical,blocked,,,,,,,,,0,0,0,0,10,5,,,"5s heldout synthetic sweep was blocked in this pass because raw 5s window generation across full-day attacked bundle traces exceeded the CPU-only completion-pass wall-clock budget, and no reusable prebuilt 5s replay residuals existed."
heldout_synthetic_zero_day_like,gemini,phase2_llm_synthetic_benchmark_002,existing_heldout_phase2_bundle,5s,5,1,isolation_forest,canonical,blocked,,,,,,,,,0,0,0,0,10,5,,,"5s heldout synthetic sweep was blocked in this pass because raw 5s window generation across full-day attacked bundle traces exceeded the CPU-only completion-pass wall-clock budget, and no reusable prebuilt 5s replay residuals existed."
heldout_synthetic_zero_day_like,gemini,phase2_llm_synthetic_benchmark_002,existing_heldout_phase2_bundle,5s,5,1,threshold_baseline,canonical,blocked,,,,,,,,,0,0,0,0,10,5,,,"5s heldout synthetic sweep was blocked in this pass because raw 5s window generation across full-day attacked bundle traces exceeded the CPU-only completion-pass wall-clock budget, and no reusable prebuilt 5s replay residuals existed."
heldout_synthetic_zero_day_like,gemini,phase2_llm_synthetic_benchmark_002,existing_heldout_phase2_bundle,5s,5,1,ttm_extension,extension,not_run,,,,,,,,,0,0,0,0,10,5,,,5s heldout synthetic sweep was blocked before any TTM extension run was possible.
heldout_synthetic_zero_day_like,gemini,phase2_llm_synthetic_benchmark_002,existing_heldout_phase2_bundle,5s,5,1,arima,extension_blocked,not_implemented,,,,,,,,,0,0,0,0,10,5,,,ARIMA detector is not implemented in the repository.
heldout_synthetic_zero_day_like,gemini,phase2_llm_synthetic_benchmark_002,existing_heldout_phase2_bundle,5s,5,1,lstm,canonical,blocked,,,,,,,,,0,0,0,0,10,5,,,"5s heldout synthetic sweep was blocked in this pass because raw 5s window generation across full-day attacked bundle traces exceeded the CPU-only completion-pass wall-clock budget, and no reusable prebuilt 5s replay residuals existed."
heldout_synthetic_zero_day_like,gemini,phase2_llm_synthetic_benchmark_002,existing_heldout_phase2_bundle,10s,10,2,transformer,canonical,completed,0.04538354993663985,0.8774928774928775,0.08630351939027124,0.4874153513011686,0.7737607642040878,0.7817409561503005,1.0,1.0,43192,1755,41437,5,10,5,<repo>/outputs\window_size_study\detector_window_zero_day_audit\zero_day_full_matrix\evaluations\gemini__existing_heldout_phase2_bundle__phase2_llm_synthetic_benchmark_002\10s\transformer\metrics.json,<repo>/outputs\window_size_study\detector_window_zero_day_audit\zero_day_full_matrix\evaluations\gemini__existing_heldout_phase2_bundle__phase2_llm_synthetic_benchmark_002\10s\transformer\predictions.parquet,Loaded from cached heldout synthetic evaluation artifact.
heldout_synthetic_zero_day_like,gemini,phase2_llm_synthetic_benchmark_002,existing_heldout_phase2_bundle,10s,10,2,gru,canonical,completed,0.05130545194825808,0.7367521367521368,0.09593055607077938,0.3363908777166921,0.6718400369847144,0.5769964041798393,1.0,1.0,43192,1755,41437,4,10,5,<repo>/outputs\window_size_study\detector_window_zero_day_audit\zero_day_full_matrix\evaluations\gemini__existing_heldout_phase2_bundle__phase2_llm_synthetic_benchmark_002\10s\gru\metrics.json,<repo>/outputs\window_size_study\detector_window_zero_day_audit\zero_day_full_matrix\evaluations\gemini__existing_heldout_phase2_bundle__phase2_llm_synthetic_benchmark_002\10s\gru\predictions.parquet,Loaded from cached heldout synthetic evaluation artifact.
heldout_synthetic_zero_day_like,gemini,phase2_llm_synthetic_benchmark_002,existing_heldout_phase2_bundle,10s,10,2,lstm_ae,blocked,not_implemented,,,,,,,,,0,0,0,0,10,5,,,No LSTM autoencoder detector implementation exists; MLP autoencoder is reported separately as `autoencoder`.
heldout_synthetic_zero_day_like,gemini,phase2_llm_synthetic_benchmark_002,existing_heldout_phase2_bundle,10s,10,2,autoencoder,canonical,completed,0.06305071470530645,0.9173789173789174,0.11799193843898864,0.05870626996486785,0.6533015845515845,0.5773407335907336,1.0,1.0,43195,1755,41440,5,10,5,<repo>/outputs\window_size_study\detector_window_zero_day_audit\zero_day_full_matrix\evaluations\gemini__existing_heldout_phase2_bundle__phase2_llm_synthetic_benchmark_002\10s\autoencoder\metrics.json,<repo>/outputs\window_size_study\detector_window_zero_day_audit\zero_day_full_matrix\evaluations\gemini__existing_heldout_phase2_bundle__phase2_llm_synthetic_benchmark_002\10s\autoencoder\predictions.parquet,Loaded from cached heldout synthetic evaluation artifact.
heldout_synthetic_zero_day_like,gemini,phase2_llm_synthetic_benchmark_002,existing_heldout_phase2_bundle,10s,10,2,isolation_forest,canonical,completed,0.04063440611252605,1.0,0.07809544999443764,0.031596499553034,0.4120624333124333,0.9998793436293436,1.0,1.0,43195,1755,41440,5,10,5,<repo>/outputs\window_size_study\detector_window_zero_day_audit\zero_day_full_matrix\evaluations\gemini__existing_heldout_phase2_bundle__phase2_llm_synthetic_benchmark_002\10s\isolation_forest\metrics.json,<repo>/outputs\window_size_study\detector_window_zero_day_audit\zero_day_full_matrix\evaluations\gemini__existing_heldout_phase2_bundle__phase2_llm_synthetic_benchmark_002\10s\isolation_forest\predictions.parquet,Loaded from cached heldout synthetic evaluation artifact.
heldout_synthetic_zero_day_like,gemini,phase2_llm_synthetic_benchmark_002,existing_heldout_phase2_bundle,10s,10,2,threshold_baseline,canonical,completed,0.03183050507079024,0.18062678062678061,0.05412327129929998,0.2171201110964035,0.6438860288860289,0.23267374517374517,492.0,203.0,43195,1755,41440,4,10,5,<repo>/outputs\window_size_study\detector_window_zero_day_audit\zero_day_full_matrix\evaluations\gemini__existing_heldout_phase2_bundle__phase2_llm_synthetic_benchmark_002\10s\threshold_baseline\metrics.json,<repo>/outputs\window_size_study\detector_window_zero_day_audit\zero_day_full_matrix\evaluations\gemini__existing_heldout_phase2_bundle__phase2_llm_synthetic_benchmark_002\10s\threshold_baseline\predictions.parquet,Loaded from cached heldout synthetic evaluation artifact.
heldout_synthetic_zero_day_like,gemini,phase2_llm_synthetic_benchmark_002,existing_heldout_phase2_bundle,10s,10,2,ttm_extension,extension,not_run,,,,,,,,,0,0,0,0,10,5,,,"No saved TTM benchmark artifact exists for this window, so heldout synthetic inference was not run."
heldout_synthetic_zero_day_like,gemini,phase2_llm_synthetic_benchmark_002,existing_heldout_phase2_bundle,10s,10,2,arima,extension_blocked,not_implemented,,,,,,,,,0,0,0,0,10,5,,,ARIMA detector is not implemented in the repository.
heldout_synthetic_zero_day_like,gemini,phase2_llm_synthetic_benchmark_002,existing_heldout_phase2_bundle,10s,10,2,lstm,canonical,completed,0.05076935093337499,0.7407407407407407,0.09502576660209788,0.3636443716287195,0.7272840241922858,0.5866338425892405,1.0,1.0,43188,1755,41433,4,10,5,<repo>/outputs\window_size_study\detector_window_zero_day_audit\zero_day_full_matrix\evaluations\gemini__existing_heldout_phase2_bundle__phase2_llm_synthetic_benchmark_002\10s\lstm\metrics.json,<repo>/outputs\window_size_study\detector_window_zero_day_audit\zero_day_full_matrix\evaluations\gemini__existing_heldout_phase2_bundle__phase2_llm_synthetic_benchmark_002\10s\lstm\predictions.parquet,Loaded from cached heldout synthetic evaluation artifact.
heldout_synthetic_zero_day_like,gemini,phase2_llm_synthetic_benchmark_002,existing_heldout_phase2_bundle,60s,60,12,transformer,canonical,completed,0.8586387434554974,0.5377049180327869,0.6612903225806451,0.5857254111233974,0.794593667112309,0.0039249890972525075,13.0,1.0,7184,305,6879,5,10,5,<repo>/outputs\window_size_study\detector_window_zero_day_audit\zero_day_full_matrix\evaluations\gemini__existing_heldout_phase2_bundle__phase2_llm_synthetic_benchmark_002\60s\transformer\metrics.json,<repo>/outputs\window_size_study\detector_window_zero_day_audit\zero_day_full_matrix\evaluations\gemini__existing_heldout_phase2_bundle__phase2_llm_synthetic_benchmark_002\60s\transformer\predictions.parquet,Loaded from cached heldout synthetic evaluation artifact.
heldout_synthetic_zero_day_like,gemini,phase2_llm_synthetic_benchmark_002,existing_heldout_phase2_bundle,60s,60,12,gru,canonical,completed,0.9338842975206612,0.3704918032786885,0.5305164319248826,0.6095831571132356,0.8844141947814566,0.0011629597325192615,20.2,13.0,7184,305,6879,5,10,5,<repo>/outputs\window_size_study\detector_window_zero_day_audit\zero_day_full_matrix\evaluations\gemini__existing_heldout_phase2_bundle__phase2_llm_synthetic_benchmark_002\60s\gru\metrics.json,<repo>/outputs\window_size_study\detector_window_zero_day_audit\zero_day_full_matrix\evaluations\gemini__existing_heldout_phase2_bundle__phase2_llm_synthetic_benchmark_002\60s\gru\predictions.parquet,Loaded from cached heldout synthetic evaluation artifact.
heldout_synthetic_zero_day_like,gemini,phase2_llm_synthetic_benchmark_002,existing_heldout_phase2_bundle,60s,60,12,lstm_ae,blocked,not_implemented,,,,,,,,,0,0,0,0,10,5,,,No LSTM autoencoder detector implementation exists; MLP autoencoder is reported separately as `autoencoder`.
heldout_synthetic_zero_day_like,gemini,phase2_llm_synthetic_benchmark_002,existing_heldout_phase2_bundle,60s,60,12,autoencoder,canonical,completed,0.05510884487154344,0.921311475409836,0.10399703923019986,0.24096050144697795,0.661536558090842,0.6992743105950653,1.0,1.0,7195,305,6890,5,10,5,<repo>/outputs\window_size_study\detector_window_zero_day_audit\zero_day_full_matrix\evaluations\gemini__existing_heldout_phase2_bundle__phase2_llm_synthetic_benchmark_002\60s\autoencoder\metrics.json,<repo>/outputs\window_size_study\detector_window_zero_day_audit\zero_day_full_matrix\evaluations\gemini__existing_heldout_phase2_bundle__phase2_llm_synthetic_benchmark_002\60s\autoencoder\predictions.parquet,Loaded from cached heldout synthetic evaluation artifact.
heldout_synthetic_zero_day_like,gemini,phase2_llm_synthetic_benchmark_002,existing_heldout_phase2_bundle,60s,60,12,isolation_forest,canonical,completed,0.042275066054790714,0.9967213114754099,0.08110992529348986,0.03150153807377896,0.3809450617430821,0.9995645863570392,1.0,1.0,7195,305,6890,5,10,5,<repo>/outputs\window_size_study\detector_window_zero_day_audit\zero_day_full_matrix\evaluations\gemini__existing_heldout_phase2_bundle__phase2_llm_synthetic_benchmark_002\60s\isolation_forest\metrics.json,<repo>/outputs\window_size_study\detector_window_zero_day_audit\zero_day_full_matrix\evaluations\gemini__existing_heldout_phase2_bundle__phase2_llm_synthetic_benchmark_002\60s\isolation_forest\predictions.parquet,Loaded from cached heldout synthetic evaluation artifact.
heldout_synthetic_zero_day_like,gemini,phase2_llm_synthetic_benchmark_002,existing_heldout_phase2_bundle,60s,60,12,threshold_baseline,canonical,completed,0.308252427184466,0.4163934426229508,0.3542538354253835,0.4471776381570795,0.7481396178828904,0.041364296081277216,25.0,25.0,7195,305,6890,2,10,5,<repo>/outputs\window_size_study\detector_window_zero_day_audit\zero_day_full_matrix\evaluations\gemini__existing_heldout_phase2_bundle__phase2_llm_synthetic_benchmark_002\60s\threshold_baseline\metrics.json,<repo>/outputs\window_size_study\detector_window_zero_day_audit\zero_day_full_matrix\evaluations\gemini__existing_heldout_phase2_bundle__phase2_llm_synthetic_benchmark_002\60s\threshold_baseline\predictions.parquet,Loaded from cached heldout synthetic evaluation artifact.
heldout_synthetic_zero_day_like,gemini,phase2_llm_synthetic_benchmark_002,existing_heldout_phase2_bundle,60s,60,12,ttm_extension,extension,completed,0.5833333333333334,0.16065573770491803,0.2519280205655527,0.20971828330599968,0.6893588014052884,0.005088688572259378,1.0,1.0,7183,305,6878,5,10,5,<repo>/outputs\window_size_study\detector_window_zero_day_audit\zero_day_full_matrix\evaluations\gemini__existing_heldout_phase2_bundle__phase2_llm_synthetic_benchmark_002\60s\ttm_extension\metrics.json,<repo>/outputs\window_size_study\detector_window_zero_day_audit\zero_day_full_matrix\evaluations\gemini__existing_heldout_phase2_bundle__phase2_llm_synthetic_benchmark_002\60s\ttm_extension\predictions.parquet,Loaded from cached heldout synthetic evaluation artifact.
heldout_synthetic_zero_day_like,gemini,phase2_llm_synthetic_benchmark_002,existing_heldout_phase2_bundle,60s,60,12,arima,extension_blocked,not_implemented,,,,,,,,,0,0,0,0,10,5,,,ARIMA detector is not implemented in the repository.
heldout_synthetic_zero_day_like,gemini,phase2_llm_synthetic_benchmark_002,existing_heldout_phase2_bundle,60s,60,12,lstm,canonical,completed,0.9230769230769231,0.3540983606557377,0.5118483412322274,0.5719164385281176,0.7927512815196642,0.0013083296990841692,16.0,13.0,7184,305,6879,4,10,5,<repo>/outputs\window_size_study\detector_window_zero_day_audit\zero_day_full_matrix\evaluations\gemini__existing_heldout_phase2_bundle__phase2_llm_synthetic_benchmark_002\60s\lstm\metrics.json,<repo>/outputs\window_size_study\detector_window_zero_day_audit\zero_day_full_matrix\evaluations\gemini__existing_heldout_phase2_bundle__phase2_llm_synthetic_benchmark_002\60s\lstm\predictions.parquet,Loaded from cached heldout synthetic evaluation artifact.
heldout_synthetic_zero_day_like,gemini,phase2_llm_synthetic_benchmark_002,existing_heldout_phase2_bundle,300s,300,60,transformer,canonical,completed,0.8958333333333334,0.589041095890411,0.7107438016528925,0.6420646290240042,0.8667130343624946,0.003679175864606328,49.0,61.0,1432,73,1359,5,10,5,<repo>/outputs\window_size_study\detector_window_zero_day_audit\zero_day_full_matrix\evaluations\gemini__existing_heldout_phase2_bundle__phase2_llm_synthetic_benchmark_002\300s\transformer\metrics.json,<repo>/outputs\window_size_study\detector_window_zero_day_audit\zero_day_full_matrix\evaluations\gemini__existing_heldout_phase2_bundle__phase2_llm_synthetic_benchmark_002\300s\transformer\predictions.parquet,Loaded from cached heldout synthetic evaluation artifact.
heldout_synthetic_zero_day_like,gemini,phase2_llm_synthetic_benchmark_002,existing_heldout_phase2_bundle,300s,300,60,gru,canonical,completed,0.9583333333333334,0.6301369863013698,0.7603305785123967,0.7063808374704345,0.9344753898414426,0.0014716703458425313,61.0,61.0,1432,73,1359,5,10,5,<repo>/outputs\window_size_study\detector_window_zero_day_audit\zero_day_full_matrix\evaluations\gemini__existing_heldout_phase2_bundle__phase2_llm_synthetic_benchmark_002\300s\gru\metrics.json,<repo>/outputs\window_size_study\detector_window_zero_day_audit\zero_day_full_matrix\evaluations\gemini__existing_heldout_phase2_bundle__phase2_llm_synthetic_benchmark_002\300s\gru\predictions.parquet,Loaded from cached heldout synthetic evaluation artifact.
heldout_synthetic_zero_day_like,gemini,phase2_llm_synthetic_benchmark_002,existing_heldout_phase2_bundle,300s,300,60,lstm_ae,blocked,not_implemented,,,,,,,,,0,0,0,0,10,5,,,No LSTM autoencoder detector implementation exists; MLP autoencoder is reported separately as `autoencoder`.
heldout_synthetic_zero_day_like,gemini,phase2_llm_synthetic_benchmark_002,existing_heldout_phase2_bundle,300s,300,60,autoencoder,canonical,completed,0.05844675740592474,1.0,0.11043872919818457,0.42143173193078465,0.8090740852493311,0.8634361233480177,1.0,1.0,1435,73,1362,5,10,5,<repo>/outputs\window_size_study\detector_window_zero_day_audit\zero_day_full_matrix\evaluations\gemini__existing_heldout_phase2_bundle__phase2_llm_synthetic_benchmark_002\300s\autoencoder\metrics.json,<repo>/outputs\window_size_study\detector_window_zero_day_audit\zero_day_full_matrix\evaluations\gemini__existing_heldout_phase2_bundle__phase2_llm_synthetic_benchmark_002\300s\autoencoder\predictions.parquet,Loaded from cached heldout synthetic evaluation artifact.
heldout_synthetic_zero_day_like,gemini,phase2_llm_synthetic_benchmark_002,existing_heldout_phase2_bundle,300s,300,60,isolation_forest,canonical,completed,0.03568879371877231,0.684931506849315,0.06784260515603799,0.031291337263114546,0.23851909963188703,0.9919236417033774,301.0,301.0,1435,73,1362,5,10,5,<repo>/outputs\window_size_study\detector_window_zero_day_audit\zero_day_full_matrix\evaluations\gemini__existing_heldout_phase2_bundle__phase2_llm_synthetic_benchmark_002\300s\isolation_forest\metrics.json,<repo>/outputs\window_size_study\detector_window_zero_day_audit\zero_day_full_matrix\evaluations\gemini__existing_heldout_phase2_bundle__phase2_llm_synthetic_benchmark_002\300s\isolation_forest\predictions.parquet,Loaded from cached heldout synthetic evaluation artifact.
heldout_synthetic_zero_day_like,gemini,phase2_llm_synthetic_benchmark_002,existing_heldout_phase2_bundle,300s,300,60,threshold_baseline,canonical,completed,0.9090909090909091,0.273972602739726,0.42105263157894735,0.5194923260620891,0.8224508679822179,0.0014684287812041115,31.0,31.0,1435,73,1362,2,10,5,<repo>/outputs\window_size_study\detector_window_zero_day_audit\zero_day_full_matrix\evaluations\gemini__existing_heldout_phase2_bundle__phase2_llm_synthetic_benchmark_002\300s\threshold_baseline\metrics.json,<repo>/outputs\window_size_study\detector_window_zero_day_audit\zero_day_full_matrix\evaluations\gemini__existing_heldout_phase2_bundle__phase2_llm_synthetic_benchmark_002\300s\threshold_baseline\predictions.parquet,Loaded from cached heldout synthetic evaluation artifact.
heldout_synthetic_zero_day_like,gemini,phase2_llm_synthetic_benchmark_002,existing_heldout_phase2_bundle,300s,300,60,ttm_extension,extension,not_run,,,,,,,,,0,0,0,0,10,5,,,"No saved TTM benchmark artifact exists for this window, so heldout synthetic inference was not run."
heldout_synthetic_zero_day_like,gemini,phase2_llm_synthetic_benchmark_002,existing_heldout_phase2_bundle,300s,300,60,arima,extension_blocked,not_implemented,,,,,,,,,0,0,0,0,10,5,,,ARIMA detector is not implemented in the repository.
heldout_synthetic_zero_day_like,gemini,phase2_llm_synthetic_benchmark_002,existing_heldout_phase2_bundle,300s,300,60,lstm,canonical,completed,0.9787234042553191,0.6301369863013698,0.7666666666666667,0.7101086582503601,0.8530244841593839,0.0007358351729212656,61.0,61.0,1432,73,1359,5,10,5,<repo>/outputs\window_size_study\detector_window_zero_day_audit\zero_day_full_matrix\evaluations\gemini__existing_heldout_phase2_bundle__phase2_llm_synthetic_benchmark_002\300s\lstm\metrics.json,<repo>/outputs\window_size_study\detector_window_zero_day_audit\zero_day_full_matrix\evaluations\gemini__existing_heldout_phase2_bundle__phase2_llm_synthetic_benchmark_002\300s\lstm\predictions.parquet,Loaded from cached heldout synthetic evaluation artifact.
heldout_synthetic_zero_day_like,grok,phase2_llm_benchmark_grok_synthetic_03,existing_heldout_phase2_bundle,5s,5,1,transformer,canonical,blocked,,,,,,,,,0,0,0,0,10,9,,,"5s heldout synthetic sweep was blocked in this pass because raw 5s window generation across full-day attacked bundle traces exceeded the CPU-only completion-pass wall-clock budget, and no reusable prebuilt 5s replay residuals existed."
heldout_synthetic_zero_day_like,grok,phase2_llm_benchmark_grok_synthetic_03,existing_heldout_phase2_bundle,5s,5,1,gru,canonical,blocked,,,,,,,,,0,0,0,0,10,9,,,"5s heldout synthetic sweep was blocked in this pass because raw 5s window generation across full-day attacked bundle traces exceeded the CPU-only completion-pass wall-clock budget, and no reusable prebuilt 5s replay residuals existed."
heldout_synthetic_zero_day_like,grok,phase2_llm_benchmark_grok_synthetic_03,existing_heldout_phase2_bundle,5s,5,1,lstm_ae,blocked,not_implemented,,,,,,,,,0,0,0,0,10,9,,,No LSTM autoencoder detector implementation exists; MLP autoencoder is reported separately as `autoencoder`.
heldout_synthetic_zero_day_like,grok,phase2_llm_benchmark_grok_synthetic_03,existing_heldout_phase2_bundle,5s,5,1,autoencoder,canonical,blocked,,,,,,,,,0,0,0,0,10,9,,,"5s heldout synthetic sweep was blocked in this pass because raw 5s window generation across full-day attacked bundle traces exceeded the CPU-only completion-pass wall-clock budget, and no reusable prebuilt 5s replay residuals existed."
heldout_synthetic_zero_day_like,grok,phase2_llm_benchmark_grok_synthetic_03,existing_heldout_phase2_bundle,5s,5,1,isolation_forest,canonical,blocked,,,,,,,,,0,0,0,0,10,9,,,"5s heldout synthetic sweep was blocked in this pass because raw 5s window generation across full-day attacked bundle traces exceeded the CPU-only completion-pass wall-clock budget, and no reusable prebuilt 5s replay residuals existed."
heldout_synthetic_zero_day_like,grok,phase2_llm_benchmark_grok_synthetic_03,existing_heldout_phase2_bundle,5s,5,1,threshold_baseline,canonical,blocked,,,,,,,,,0,0,0,0,10,9,,,"5s heldout synthetic sweep was blocked in this pass because raw 5s window generation across full-day attacked bundle traces exceeded the CPU-only completion-pass wall-clock budget, and no reusable prebuilt 5s replay residuals existed."
heldout_synthetic_zero_day_like,grok,phase2_llm_benchmark_grok_synthetic_03,existing_heldout_phase2_bundle,5s,5,1,ttm_extension,extension,not_run,,,,,,,,,0,0,0,0,10,9,,,5s heldout synthetic sweep was blocked before any TTM extension run was possible.
heldout_synthetic_zero_day_like,grok,phase2_llm_benchmark_grok_synthetic_03,existing_heldout_phase2_bundle,5s,5,1,arima,extension_blocked,not_implemented,,,,,,,,,0,0,0,0,10,9,,,ARIMA detector is not implemented in the repository.
heldout_synthetic_zero_day_like,grok,phase2_llm_benchmark_grok_synthetic_03,existing_heldout_phase2_bundle,5s,5,1,lstm,canonical,blocked,,,,,,,,,0,0,0,0,10,9,,,"5s heldout synthetic sweep was blocked in this pass because raw 5s window generation across full-day attacked bundle traces exceeded the CPU-only completion-pass wall-clock budget, and no reusable prebuilt 5s replay residuals existed."
heldout_synthetic_zero_day_like,grok,phase2_llm_benchmark_grok_synthetic_03,existing_heldout_phase2_bundle,10s,10,2,transformer,canonical,completed,0.04193647856922603,0.9477351916376306,0.08031891333234903,0.09991718503957163,0.6633319091897729,0.8990595611285267,1.0,1.0,43192,1722,41470,9,10,9,<repo>/outputs\window_size_study\detector_window_zero_day_audit\zero_day_full_matrix\evaluations\grok__existing_heldout_phase2_bundle__phase2_llm_benchmark_grok_synthetic_03\10s\transformer\metrics.json,<repo>/outputs\window_size_study\detector_window_zero_day_audit\zero_day_full_matrix\evaluations\grok__existing_heldout_phase2_bundle__phase2_llm_benchmark_grok_synthetic_03\10s\transformer\predictions.parquet,Loaded from cached heldout synthetic evaluation artifact.
heldout_synthetic_zero_day_like,grok,phase2_llm_benchmark_grok_synthetic_03,existing_heldout_phase2_bundle,10s,10,2,gru,canonical,completed,0.04913835548990645,0.8693379790940766,0.09301892068226303,0.2379215490036942,0.6683760800455502,0.6985290571497468,1.25,1.0,43192,1722,41470,8,10,9,<repo>/outputs\window_size_study\detector_window_zero_day_audit\zero_day_full_matrix\evaluations\grok__existing_heldout_phase2_bundle__phase2_llm_benchmark_grok_synthetic_03\10s\gru\metrics.json,<repo>/outputs\window_size_study\detector_window_zero_day_audit\zero_day_full_matrix\evaluations\grok__existing_heldout_phase2_bundle__phase2_llm_benchmark_grok_synthetic_03\10s\gru\predictions.parquet,Loaded from cached heldout synthetic evaluation artifact.
heldout_synthetic_zero_day_like,grok,phase2_llm_benchmark_grok_synthetic_03,existing_heldout_phase2_bundle,10s,10,2,lstm_ae,blocked,not_implemented,,,,,,,,,0,0,0,0,10,9,,,No LSTM autoencoder detector implementation exists; MLP autoencoder is reported separately as `autoencoder`.
heldout_synthetic_zero_day_like,grok,phase2_llm_benchmark_grok_synthetic_03,existing_heldout_phase2_bundle,10s,10,2,autoencoder,canonical,completed,0.0425555311194194,0.8989547038327527,0.08126410835214447,0.23297849105531657,0.6180164778713761,0.8397752754804331,1.0,1.0,43195,1722,41473,9,10,9,<repo>/outputs\window_size_study\detector_window_zero_day_audit\zero_day_full_matrix\evaluations\grok__existing_heldout_phase2_bundle__phase2_llm_benchmark_grok_synthetic_03\10s\autoencoder\metrics.json,<repo>/outputs\window_size_study\detector_window_zero_day_audit\zero_day_full_matrix\evaluations\grok__existing_heldout_phase2_bundle__phase2_llm_benchmark_grok_synthetic_03\10s\autoencoder\predictions.parquet,Loaded from cached heldout synthetic evaluation artifact.
heldout_synthetic_zero_day_like,grok,phase2_llm_benchmark_grok_synthetic_03,existing_heldout_phase2_bundle,10s,10,2,isolation_forest,canonical,completed,0.04221394497810887,0.7502903600464577,0.07993071022024252,0.03514442437366365,0.44175526453226366,0.7068213054276277,1.0,1.0,43195,1722,41473,8,10,9,<repo>/outputs\window_size_study\detector_window_zero_day_audit\zero_day_full_matrix\evaluations\grok__existing_heldout_phase2_bundle__phase2_llm_benchmark_grok_synthetic_03\10s\isolation_forest\metrics.json,<repo>/outputs\window_size_study\detector_window_zero_day_audit\zero_day_full_matrix\evaluations\grok__existing_heldout_phase2_bundle__phase2_llm_benchmark_grok_synthetic_03\10s\isolation_forest\predictions.parquet,Loaded from cached heldout synthetic evaluation artifact.
heldout_synthetic_zero_day_like,grok,phase2_llm_benchmark_grok_synthetic_03,existing_heldout_phase2_bundle,10s,10,2,threshold_baseline,canonical,completed,0.040849972522440006,0.2590011614401858,0.07056962025316456,0.2268690189828141,0.5527679833566768,0.2525016275649218,22.333333333333332,3.0,43195,1722,41473,3,10,9,<repo>/outputs\window_size_study\detector_window_zero_day_audit\zero_day_full_matrix\evaluations\grok__existing_heldout_phase2_bundle__phase2_llm_benchmark_grok_synthetic_03\10s\threshold_baseline\metrics.json,<repo>/outputs\window_size_study\detector_window_zero_day_audit\zero_day_full_matrix\evaluations\grok__existing_heldout_phase2_bundle__phase2_llm_benchmark_grok_synthetic_03\10s\threshold_baseline\predictions.parquet,Loaded from cached heldout synthetic evaluation artifact.
heldout_synthetic_zero_day_like,grok,phase2_llm_benchmark_grok_synthetic_03,existing_heldout_phase2_bundle,10s,10,2,ttm_extension,extension,not_run,,,,,,,,,0,0,0,0,10,9,,,"No saved TTM benchmark artifact exists for this window, so heldout synthetic inference was not run."
heldout_synthetic_zero_day_like,grok,phase2_llm_benchmark_grok_synthetic_03,existing_heldout_phase2_bundle,10s,10,2,arima,extension_blocked,not_implemented,,,,,,,,,0,0,0,0,10,9,,,ARIMA detector is not implemented in the repository.
heldout_synthetic_zero_day_like,grok,phase2_llm_benchmark_grok_synthetic_03,existing_heldout_phase2_bundle,10s,10,2,lstm,canonical,completed,0.04755865567533291,0.8710801393728222,0.09019301304792256,0.21557888234071804,0.6624080456495905,0.7244489461245358,1.25,1.0,43188,1722,41466,8,10,9,<repo>/outputs\window_size_study\detector_window_zero_day_audit\zero_day_full_matrix\evaluations\grok__existing_heldout_phase2_bundle__phase2_llm_benchmark_grok_synthetic_03\10s\lstm\metrics.json,<repo>/outputs\window_size_study\detector_window_zero_day_audit\zero_day_full_matrix\evaluations\grok__existing_heldout_phase2_bundle__phase2_llm_benchmark_grok_synthetic_03\10s\lstm\predictions.parquet,Loaded from cached heldout synthetic evaluation artifact.
heldout_synthetic_zero_day_like,grok,phase2_llm_benchmark_grok_synthetic_03,existing_heldout_phase2_bundle,60s,60,12,transformer,canonical,completed,0.8214285714285714,0.5935483870967742,0.6891385767790262,0.624005589543174,0.7518742902193398,0.005819028222286878,2.5,1.0,7184,310,6874,8,10,9,<repo>/outputs\window_size_study\detector_window_zero_day_audit\zero_day_full_matrix\evaluations\grok__existing_heldout_phase2_bundle__phase2_llm_benchmark_grok_synthetic_03\60s\transformer\metrics.json,<repo>/outputs\window_size_study\detector_window_zero_day_audit\zero_day_full_matrix\evaluations\grok__existing_heldout_phase2_bundle__phase2_llm_benchmark_grok_synthetic_03\60s\transformer\predictions.parquet,Loaded from cached heldout synthetic evaluation artifact.
heldout_synthetic_zero_day_like,grok,phase2_llm_benchmark_grok_synthetic_03,existing_heldout_phase2_bundle,60s,60,12,gru,canonical,completed,0.8707482993197279,0.4129032258064516,0.5601750547045952,0.5441856487266024,0.767894684974706,0.002764038405586267,18.333333333333332,13.0,7184,310,6874,9,10,9,<repo>/outputs\window_size_study\detector_window_zero_day_audit\zero_day_full_matrix\evaluations\grok__existing_heldout_phase2_bundle__phase2_llm_benchmark_grok_synthetic_03\60s\gru\metrics.json,<repo>/outputs\window_size_study\detector_window_zero_day_audit\zero_day_full_matrix\evaluations\grok__existing_heldout_phase2_bundle__phase2_llm_benchmark_grok_synthetic_03\60s\gru\predictions.parquet,Loaded from cached heldout synthetic evaluation artifact.
heldout_synthetic_zero_day_like,grok,phase2_llm_benchmark_grok_synthetic_03,existing_heldout_phase2_bundle,60s,60,12,lstm_ae,blocked,not_implemented,,,,,,,,,0,0,0,0,10,9,,,No LSTM autoencoder detector implementation exists; MLP autoencoder is reported separately as `autoencoder`.
heldout_synthetic_zero_day_like,grok,phase2_llm_benchmark_grok_synthetic_03,existing_heldout_phase2_bundle,60s,60,12,autoencoder,canonical,completed,0.04502701620972584,0.7258064516129032,0.0847936687394008,0.2673703343690507,0.5783343875184482,0.6931009440813363,1.0,1.0,7195,310,6885,9,10,9,<repo>/outputs\window_size_study\detector_window_zero_day_audit\zero_day_full_matrix\evaluations\grok__existing_heldout_phase2_bundle__phase2_llm_benchmark_grok_synthetic_03\60s\autoencoder\metrics.json,<repo>/outputs\window_size_study\detector_window_zero_day_audit\zero_day_full_matrix\evaluations\grok__existing_heldout_phase2_bundle__phase2_llm_benchmark_grok_synthetic_03\60s\autoencoder\predictions.parquet,Loaded from cached heldout synthetic evaluation artifact.
heldout_synthetic_zero_day_like,grok,phase2_llm_benchmark_grok_synthetic_03,existing_heldout_phase2_bundle,60s,60,12,isolation_forest,canonical,completed,0.04532967032967033,0.7451612903225806,0.08546059933407325,0.03426514916082442,0.4062054021130555,0.7066085693536674,1.0,1.0,7195,310,6885,7,10,9,<repo>/outputs\window_size_study\detector_window_zero_day_audit\zero_day_full_matrix\evaluations\grok__existing_heldout_phase2_bundle__phase2_llm_benchmark_grok_synthetic_03\60s\isolation_forest\metrics.json,<repo>/outputs\window_size_study\detector_window_zero_day_audit\zero_day_full_matrix\evaluations\grok__existing_heldout_phase2_bundle__phase2_llm_benchmark_grok_synthetic_03\60s\isolation_forest\predictions.parquet,Loaded from cached heldout synthetic evaluation artifact.
heldout_synthetic_zero_day_like,grok,phase2_llm_benchmark_grok_synthetic_03,existing_heldout_phase2_bundle,60s,60,12,threshold_baseline,canonical,completed,0.13729508196721313,0.432258064516129,0.208398133748056,0.35050629747123274,0.6199025464427108,0.12229484386347131,22.0,25.0,7195,310,6885,4,10,9,<repo>/outputs\window_size_study\detector_window_zero_day_audit\zero_day_full_matrix\evaluations\grok__existing_heldout_phase2_bundle__phase2_llm_benchmark_grok_synthetic_03\60s\threshold_baseline\metrics.json,<repo>/outputs\window_size_study\detector_window_zero_day_audit\zero_day_full_matrix\evaluations\grok__existing_heldout_phase2_bundle__phase2_llm_benchmark_grok_synthetic_03\60s\threshold_baseline\predictions.parquet,Loaded from cached heldout synthetic evaluation artifact.
heldout_synthetic_zero_day_like,grok,phase2_llm_benchmark_grok_synthetic_03,existing_heldout_phase2_bundle,60s,60,12,ttm_extension,extension,completed,0.6078431372549019,0.2,0.30097087378640774,0.25301596014993794,0.6497744798486832,0.005819874872690237,1.0,1.0,7183,310,6873,9,10,9,<repo>/outputs\window_size_study\detector_window_zero_day_audit\zero_day_full_matrix\evaluations\grok__existing_heldout_phase2_bundle__phase2_llm_benchmark_grok_synthetic_03\60s\ttm_extension\metrics.json,<repo>/outputs\window_size_study\detector_window_zero_day_audit\zero_day_full_matrix\evaluations\grok__existing_heldout_phase2_bundle__phase2_llm_benchmark_grok_synthetic_03\60s\ttm_extension\predictions.parquet,Loaded from cached heldout synthetic evaluation artifact.
heldout_synthetic_zero_day_like,grok,phase2_llm_benchmark_grok_synthetic_03,existing_heldout_phase2_bundle,60s,60,12,arima,extension_blocked,not_implemented,,,,,,,,,0,0,0,0,10,9,,,ARIMA detector is not implemented in the repository.
heldout_synthetic_zero_day_like,grok,phase2_llm_benchmark_grok_synthetic_03,existing_heldout_phase2_bundle,60s,60,12,lstm,canonical,completed,0.875,0.38387096774193546,0.5336322869955157,0.6005590710631002,0.807248913624973,0.002473086994471923,22.0,13.0,7184,310,6874,8,10,9,<repo>/outputs\window_size_study\detector_window_zero_day_audit\zero_day_full_matrix\evaluations\grok__existing_heldout_phase2_bundle__phase2_llm_benchmark_grok_synthetic_03\60s\lstm\metrics.json,<repo>/outputs\window_size_study\detector_window_zero_day_audit\zero_day_full_matrix\evaluations\grok__existing_heldout_phase2_bundle__phase2_llm_benchmark_grok_synthetic_03\60s\lstm\predictions.parquet,Loaded from cached heldout synthetic evaluation artifact.
heldout_synthetic_zero_day_like,grok,phase2_llm_benchmark_grok_synthetic_03,existing_heldout_phase2_bundle,300s,300,60,transformer,canonical,completed,0.8205128205128205,0.7619047619047619,0.7901234567901234,0.76405619325086,0.9166136781121944,0.010385756676557863,27.666666666666668,1.0,1432,84,1348,9,10,9,<repo>/outputs\window_size_study\detector_window_zero_day_audit\zero_day_full_matrix\evaluations\grok__existing_heldout_phase2_bundle__phase2_llm_benchmark_grok_synthetic_03\300s\transformer\metrics.json,<repo>/outputs\window_size_study\detector_window_zero_day_audit\zero_day_full_matrix\evaluations\grok__existing_heldout_phase2_bundle__phase2_llm_benchmark_grok_synthetic_03\300s\transformer\predictions.parquet,Loaded from cached heldout synthetic evaluation artifact.
heldout_synthetic_zero_day_like,grok,phase2_llm_benchmark_grok_synthetic_03,existing_heldout_phase2_bundle,300s,300,60,gru,canonical,completed,0.8904109589041096,0.7738095238095238,0.8280254777070064,0.874373170095417,0.9338217111770525,0.005934718100890208,81.0,61.0,1432,84,1348,9,10,9,<repo>/outputs\window_size_study\detector_window_zero_day_audit\zero_day_full_matrix\evaluations\grok__existing_heldout_phase2_bundle__phase2_llm_benchmark_grok_synthetic_03\300s\gru\metrics.json,<repo>/outputs\window_size_study\detector_window_zero_day_audit\zero_day_full_matrix\evaluations\grok__existing_heldout_phase2_bundle__phase2_llm_benchmark_grok_synthetic_03\300s\gru\predictions.parquet,Loaded from cached heldout synthetic evaluation artifact.
heldout_synthetic_zero_day_like,grok,phase2_llm_benchmark_grok_synthetic_03,existing_heldout_phase2_bundle,300s,300,60,lstm_ae,blocked,not_implemented,,,,,,,,,0,0,0,0,10,9,,,No LSTM autoencoder detector implementation exists; MLP autoencoder is reported separately as `autoencoder`.
heldout_synthetic_zero_day_like,grok,phase2_llm_benchmark_grok_synthetic_03,existing_heldout_phase2_bundle,300s,300,60,autoencoder,canonical,completed,0.06473594548551959,0.9047619047619048,0.12082670906200318,0.5113398193447333,0.7891420817031475,0.8127313101406366,1.0,1.0,1435,84,1351,9,10,9,<repo>/outputs\window_size_study\detector_window_zero_day_audit\zero_day_full_matrix\evaluations\grok__existing_heldout_phase2_bundle__phase2_llm_benchmark_grok_synthetic_03\300s\autoencoder\metrics.json,<repo>/outputs\window_size_study\detector_window_zero_day_audit\zero_day_full_matrix\evaluations\grok__existing_heldout_phase2_bundle__phase2_llm_benchmark_grok_synthetic_03\300s\autoencoder\predictions.parquet,Loaded from cached heldout synthetic evaluation artifact.
heldout_synthetic_zero_day_like,grok,phase2_llm_benchmark_grok_synthetic_03,existing_heldout_phase2_bundle,300s,300,60,isolation_forest,canonical,completed,0.034764826175869123,0.40476190476190477,0.064030131826742,0.03837538982924106,0.22945965951147304,0.698741672834937,309.57142857142856,301.0,1435,84,1351,7,10,9,<repo>/outputs\window_size_study\detector_window_zero_day_audit\zero_day_full_matrix\evaluations\grok__existing_heldout_phase2_bundle__phase2_llm_benchmark_grok_synthetic_03\300s\isolation_forest\metrics.json,<repo>/outputs\window_size_study\detector_window_zero_day_audit\zero_day_full_matrix\evaluations\grok__existing_heldout_phase2_bundle__phase2_llm_benchmark_grok_synthetic_03\300s\isolation_forest\predictions.parquet,Loaded from cached heldout synthetic evaluation artifact.
heldout_synthetic_zero_day_like,grok,phase2_llm_benchmark_grok_synthetic_03,existing_heldout_phase2_bundle,300s,300,60,threshold_baseline,canonical,completed,0.8536585365853658,0.4166666666666667,0.56,0.5181779436814471,0.7583712241373233,0.0044411547002220575,31.0,31.0,1435,84,1351,4,10,9,<repo>/outputs\window_size_study\detector_window_zero_day_audit\zero_day_full_matrix\evaluations\grok__existing_heldout_phase2_bundle__phase2_llm_benchmark_grok_synthetic_03\300s\threshold_baseline\metrics.json,<repo>/outputs\window_size_study\detector_window_zero_day_audit\zero_day_full_matrix\evaluations\grok__existing_heldout_phase2_bundle__phase2_llm_benchmark_grok_synthetic_03\300s\threshold_baseline\predictions.parquet,Loaded from cached heldout synthetic evaluation artifact.
heldout_synthetic_zero_day_like,grok,phase2_llm_benchmark_grok_synthetic_03,existing_heldout_phase2_bundle,300s,300,60,ttm_extension,extension,not_run,,,,,,,,,0,0,0,0,10,9,,,"No saved TTM benchmark artifact exists for this window, so heldout synthetic inference was not run."
heldout_synthetic_zero_day_like,grok,phase2_llm_benchmark_grok_synthetic_03,existing_heldout_phase2_bundle,300s,300,60,arima,extension_blocked,not_implemented,,,,,,,,,0,0,0,0,10,9,,,ARIMA detector is not implemented in the repository.
heldout_synthetic_zero_day_like,grok,phase2_llm_benchmark_grok_synthetic_03,existing_heldout_phase2_bundle,300s,300,60,lstm,canonical,completed,0.92,0.8214285714285714,0.8679245283018868,0.8994335383832252,0.9665995478310018,0.004451038575667656,74.33333333333333,61.0,1432,84,1348,9,10,9,<repo>/outputs\window_size_study\detector_window_zero_day_audit\zero_day_full_matrix\evaluations\grok__existing_heldout_phase2_bundle__phase2_llm_benchmark_grok_synthetic_03\300s\lstm\metrics.json,<repo>/outputs\window_size_study\detector_window_zero_day_audit\zero_day_full_matrix\evaluations\grok__existing_heldout_phase2_bundle__phase2_llm_benchmark_grok_synthetic_03\300s\lstm\predictions.parquet,Loaded from cached heldout synthetic evaluation artifact.
heldout_synthetic_zero_day_like,human_authored,human_authored_phase3_bundle_v1,human_authored_heldout,5s,5,1,transformer,canonical,blocked,,,,,,,,,0,0,0,0,6,6,,,"5s heldout synthetic sweep was blocked in this pass because raw 5s window generation across full-day attacked bundle traces exceeded the CPU-only completion-pass wall-clock budget, and no reusable prebuilt 5s replay residuals existed."
heldout_synthetic_zero_day_like,human_authored,human_authored_phase3_bundle_v1,human_authored_heldout,5s,5,1,gru,canonical,blocked,,,,,,,,,0,0,0,0,6,6,,,"5s heldout synthetic sweep was blocked in this pass because raw 5s window generation across full-day attacked bundle traces exceeded the CPU-only completion-pass wall-clock budget, and no reusable prebuilt 5s replay residuals existed."
heldout_synthetic_zero_day_like,human_authored,human_authored_phase3_bundle_v1,human_authored_heldout,5s,5,1,lstm_ae,blocked,not_implemented,,,,,,,,,0,0,0,0,6,6,,,No LSTM autoencoder detector implementation exists; MLP autoencoder is reported separately as `autoencoder`.
heldout_synthetic_zero_day_like,human_authored,human_authored_phase3_bundle_v1,human_authored_heldout,5s,5,1,autoencoder,canonical,blocked,,,,,,,,,0,0,0,0,6,6,,,"5s heldout synthetic sweep was blocked in this pass because raw 5s window generation across full-day attacked bundle traces exceeded the CPU-only completion-pass wall-clock budget, and no reusable prebuilt 5s replay residuals existed."
heldout_synthetic_zero_day_like,human_authored,human_authored_phase3_bundle_v1,human_authored_heldout,5s,5,1,isolation_forest,canonical,blocked,,,,,,,,,0,0,0,0,6,6,,,"5s heldout synthetic sweep was blocked in this pass because raw 5s window generation across full-day attacked bundle traces exceeded the CPU-only completion-pass wall-clock budget, and no reusable prebuilt 5s replay residuals existed."
heldout_synthetic_zero_day_like,human_authored,human_authored_phase3_bundle_v1,human_authored_heldout,5s,5,1,threshold_baseline,canonical,blocked,,,,,,,,,0,0,0,0,6,6,,,"5s heldout synthetic sweep was blocked in this pass because raw 5s window generation across full-day attacked bundle traces exceeded the CPU-only completion-pass wall-clock budget, and no reusable prebuilt 5s replay residuals existed."
heldout_synthetic_zero_day_like,human_authored,human_authored_phase3_bundle_v1,human_authored_heldout,5s,5,1,ttm_extension,extension,not_run,,,,,,,,,0,0,0,0,6,6,,,5s heldout synthetic sweep was blocked before any TTM extension run was possible.
heldout_synthetic_zero_day_like,human_authored,human_authored_phase3_bundle_v1,human_authored_heldout,5s,5,1,arima,extension_blocked,not_implemented,,,,,,,,,0,0,0,0,6,6,,,ARIMA detector is not implemented in the repository.
heldout_synthetic_zero_day_like,human_authored,human_authored_phase3_bundle_v1,human_authored_heldout,5s,5,1,lstm,canonical,blocked,,,,,,,,,0,0,0,0,6,6,,,"5s heldout synthetic sweep was blocked in this pass because raw 5s window generation across full-day attacked bundle traces exceeded the CPU-only completion-pass wall-clock budget, and no reusable prebuilt 5s replay residuals existed."
heldout_synthetic_zero_day_like,human_authored,human_authored_phase3_bundle_v1,human_authored_heldout,10s,10,2,transformer,canonical,completed,0.036106864672053575,1.0,0.06969718260380806,0.46051278717983035,0.6932934864554907,0.9524985612890849,1.0,1.0,43192,1488,41704,6,6,6,<repo>/outputs\window_size_study\detector_window_zero_day_audit\zero_day_full_matrix\evaluations\human_authored__human_authored_heldout__human_authored_phase3_bundle_v1\10s\transformer\metrics.json,<repo>/outputs\window_size_study\detector_window_zero_day_audit\zero_day_full_matrix\evaluations\human_authored__human_authored_heldout__human_authored_phase3_bundle_v1\10s\transformer\predictions.parquet,Loaded from cached heldout synthetic evaluation artifact.
heldout_synthetic_zero_day_like,human_authored,human_authored_phase3_bundle_v1,human_authored_heldout,10s,10,2,gru,canonical,completed,0.03445082422670865,1.0,0.06660698299015219,0.1781450976892731,0.5002112784364564,1.0,1.0,1.0,43192,1488,41704,6,6,6,<repo>/outputs\window_size_study\detector_window_zero_day_audit\zero_day_full_matrix\evaluations\human_authored__human_authored_heldout__human_authored_phase3_bundle_v1\10s\gru\metrics.json,<repo>/outputs\window_size_study\detector_window_zero_day_audit\zero_day_full_matrix\evaluations\human_authored__human_authored_heldout__human_authored_phase3_bundle_v1\10s\gru\predictions.parquet,Loaded from cached heldout synthetic evaluation artifact.
heldout_synthetic_zero_day_like,human_authored,human_authored_phase3_bundle_v1,human_authored_heldout,10s,10,2,lstm_ae,blocked,not_implemented,,,,,,,,,0,0,0,0,6,6,,,No LSTM autoencoder detector implementation exists; MLP autoencoder is reported separately as `autoencoder`.
heldout_synthetic_zero_day_like,human_authored,human_authored_phase3_bundle_v1,human_authored_heldout,10s,10,2,autoencoder,canonical,completed,0.039124315871774826,0.8407258064516129,0.07476914801422467,0.4699879270031342,0.6920553484871805,0.7366629103028268,1.0,1.0,43195,1488,41707,6,6,6,<repo>/outputs\window_size_study\detector_window_zero_day_audit\zero_day_full_matrix\evaluations\human_authored__human_authored_heldout__human_authored_phase3_bundle_v1\10s\autoencoder\metrics.json,<repo>/outputs\window_size_study\detector_window_zero_day_audit\zero_day_full_matrix\evaluations\human_authored__human_authored_heldout__human_authored_phase3_bundle_v1\10s\autoencoder\predictions.parquet,Loaded from cached heldout synthetic evaluation artifact.
heldout_synthetic_zero_day_like,human_authored,human_authored_phase3_bundle_v1,human_authored_heldout,10s,10,2,isolation_forest,canonical,completed,0.025582757408925853,0.7338709677419355,0.04944196681230616,0.025738847012685695,0.3647745998002966,0.9972666458867816,1.0,1.0,43195,1488,41707,6,6,6,<repo>/outputs\window_size_study\detector_window_zero_day_audit\zero_day_full_matrix\evaluations\human_authored__human_authored_heldout__human_authored_phase3_bundle_v1\10s\isolation_forest\metrics.json,<repo>/outputs\window_size_study\detector_window_zero_day_audit\zero_day_full_matrix\evaluations\human_authored__human_authored_heldout__human_authored_phase3_bundle_v1\10s\isolation_forest\predictions.parquet,Loaded from cached heldout synthetic evaluation artifact.
heldout_synthetic_zero_day_like,human_authored,human_authored_phase3_bundle_v1,human_authored_heldout,10s,10,2,threshold_baseline,canonical,completed,0.9532908704883227,0.301747311827957,0.45839714139867277,0.44775282358207397,0.6894696417738597,0.0005274893902702184,11.0,11.0,43195,1488,41707,1,6,6,<repo>/outputs\window_size_study\detector_window_zero_day_audit\zero_day_full_matrix\evaluations\human_authored__human_authored_heldout__human_authored_phase3_bundle_v1\10s\threshold_baseline\metrics.json,<repo>/outputs\window_size_study\detector_window_zero_day_audit\zero_day_full_matrix\evaluations\human_authored__human_authored_heldout__human_authored_phase3_bundle_v1\10s\threshold_baseline\predictions.parquet,Loaded from cached heldout synthetic evaluation artifact.
heldout_synthetic_zero_day_like,human_authored,human_authored_phase3_bundle_v1,human_authored_heldout,10s,10,2,ttm_extension,extension,not_run,,,,,,,,,0,0,0,0,6,6,,,"No saved TTM benchmark artifact exists for this window, so heldout synthetic inference was not run."
heldout_synthetic_zero_day_like,human_authored,human_authored_phase3_bundle_v1,human_authored_heldout,10s,10,2,arima,extension_blocked,not_implemented,,,,,,,,,0,0,0,0,6,6,,,ARIMA detector is not implemented in the repository.
heldout_synthetic_zero_day_like,human_authored,human_authored_phase3_bundle_v1,human_authored_heldout,10s,10,2,lstm,canonical,completed,0.03445401500416782,1.0,0.0666129465484824,0.3517908020561587,0.7563033685954462,1.0,1.0,1.0,43188,1488,41700,6,6,6,<repo>/outputs\window_size_study\detector_window_zero_day_audit\zero_day_full_matrix\evaluations\human_authored__human_authored_heldout__human_authored_phase3_bundle_v1\10s\lstm\metrics.json,<repo>/outputs\window_size_study\detector_window_zero_day_audit\zero_day_full_matrix\evaluations\human_authored__human_authored_heldout__human_authored_phase3_bundle_v1\10s\lstm\predictions.parquet,Loaded from cached heldout synthetic evaluation artifact.
heldout_synthetic_zero_day_like,human_authored,human_authored_phase3_bundle_v1,human_authored_heldout,60s,60,12,transformer,canonical,completed,0.8273809523809523,0.5285171102661597,0.6450116009280742,0.6109102203745087,0.836418394888978,0.00419014593266869,1.0,1.0,7184,263,6921,6,6,6,<repo>/outputs\window_size_study\detector_window_zero_day_audit\zero_day_full_matrix\evaluations\human_authored__human_authored_heldout__human_authored_phase3_bundle_v1\60s\transformer\metrics.json,<repo>/outputs\window_size_study\detector_window_zero_day_audit\zero_day_full_matrix\evaluations\human_authored__human_authored_heldout__human_authored_phase3_bundle_v1\60s\transformer\predictions.parquet,Loaded from cached heldout synthetic evaluation artifact.
heldout_synthetic_zero_day_like,human_authored,human_authored_phase3_bundle_v1,human_authored_heldout,60s,60,12,gru,canonical,completed,0.8166666666666667,0.3726235741444867,0.5117493472584856,0.5381672111113724,0.8387301995414848,0.003178731397196937,11.0,13.0,7184,263,6921,6,6,6,<repo>/outputs\window_size_study\detector_window_zero_day_audit\zero_day_full_matrix\evaluations\human_authored__human_authored_heldout__human_authored_phase3_bundle_v1\60s\gru\metrics.json,<repo>/outputs\window_size_study\detector_window_zero_day_audit\zero_day_full_matrix\evaluations\human_authored__human_authored_heldout__human_authored_phase3_bundle_v1\60s\gru\predictions.parquet,Loaded from cached heldout synthetic evaluation artifact.
heldout_synthetic_zero_day_like,human_authored,human_authored_phase3_bundle_v1,human_authored_heldout,60s,60,12,lstm_ae,blocked,not_implemented,,,,,,,,,0,0,0,0,6,6,,,No LSTM autoencoder detector implementation exists; MLP autoencoder is reported separately as `autoencoder`.
heldout_synthetic_zero_day_like,human_authored,human_authored_phase3_bundle_v1,human_authored_heldout,60s,60,12,autoencoder,canonical,completed,0.04738661785641651,0.8859315589353612,0.08996138996138996,0.4619786057254093,0.7321360791085153,0.6757068667051356,1.0,1.0,7195,263,6932,6,6,6,<repo>/outputs\window_size_study\detector_window_zero_day_audit\zero_day_full_matrix\evaluations\human_authored__human_authored_heldout__human_authored_phase3_bundle_v1\60s\autoencoder\metrics.json,<repo>/outputs\window_size_study\detector_window_zero_day_audit\zero_day_full_matrix\evaluations\human_authored__human_authored_heldout__human_authored_phase3_bundle_v1\60s\autoencoder\predictions.parquet,Loaded from cached heldout synthetic evaluation artifact.
heldout_synthetic_zero_day_like,human_authored,human_authored_phase3_bundle_v1,human_authored_heldout,60s,60,12,isolation_forest,canonical,completed,0.0269694819020582,0.7224334600760456,0.05199781061850027,0.027911728709163516,0.3755476886824536,0.9888920946335834,1.0,1.0,7195,263,6932,6,6,6,<repo>/outputs\window_size_study\detector_window_zero_day_audit\zero_day_full_matrix\evaluations\human_authored__human_authored_heldout__human_authored_phase3_bundle_v1\60s\isolation_forest\metrics.json,<repo>/outputs\window_size_study\detector_window_zero_day_audit\zero_day_full_matrix\evaluations\human_authored__human_authored_heldout__human_authored_phase3_bundle_v1\60s\isolation_forest\predictions.parquet,Loaded from cached heldout synthetic evaluation artifact.
heldout_synthetic_zero_day_like,human_authored,human_authored_phase3_bundle_v1,human_authored_heldout,60s,60,12,threshold_baseline,canonical,completed,0.9256198347107438,0.42585551330798477,0.5833333333333334,0.474248038610494,0.7290764822424903,0.001298326601269475,37.0,37.0,7195,263,6932,2,6,6,<repo>/outputs\window_size_study\detector_window_zero_day_audit\zero_day_full_matrix\evaluations\human_authored__human_authored_heldout__human_authored_phase3_bundle_v1\60s\threshold_baseline\metrics.json,<repo>/outputs\window_size_study\detector_window_zero_day_audit\zero_day_full_matrix\evaluations\human_authored__human_authored_heldout__human_authored_phase3_bundle_v1\60s\threshold_baseline\predictions.parquet,Loaded from cached heldout synthetic evaluation artifact.
heldout_synthetic_zero_day_like,human_authored,human_authored_phase3_bundle_v1,human_authored_heldout,60s,60,12,ttm_extension,extension,completed,0.7058823529411765,0.3193916349809886,0.4397905759162304,0.31241390272855807,0.7453364359656256,0.0050578034682080926,1.0,1.0,7183,263,6920,6,6,6,<repo>/outputs\window_size_study\detector_window_zero_day_audit\zero_day_full_matrix\evaluations\human_authored__human_authored_heldout__human_authored_phase3_bundle_v1\60s\ttm_extension\metrics.json,<repo>/outputs\window_size_study\detector_window_zero_day_audit\zero_day_full_matrix\evaluations\human_authored__human_authored_heldout__human_authored_phase3_bundle_v1\60s\ttm_extension\predictions.parquet,Loaded from cached heldout synthetic evaluation artifact.
heldout_synthetic_zero_day_like,human_authored,human_authored_phase3_bundle_v1,human_authored_heldout,60s,60,12,arima,extension_blocked,not_implemented,,,,,,,,,0,0,0,0,6,6,,,ARIMA detector is not implemented in the repository.
heldout_synthetic_zero_day_like,human_authored,human_authored_phase3_bundle_v1,human_authored_heldout,60s,60,12,lstm,canonical,completed,0.875,0.3726235741444867,0.5226666666666666,0.6316689248768993,0.7899188725777007,0.0020228290709435053,13.0,13.0,7184,263,6921,6,6,6,<repo>/outputs\window_size_study\detector_window_zero_day_audit\zero_day_full_matrix\evaluations\human_authored__human_authored_heldout__human_authored_phase3_bundle_v1\60s\lstm\metrics.json,<repo>/outputs\window_size_study\detector_window_zero_day_audit\zero_day_full_matrix\evaluations\human_authored__human_authored_heldout__human_authored_phase3_bundle_v1\60s\lstm\predictions.parquet,Loaded from cached heldout synthetic evaluation artifact.
heldout_synthetic_zero_day_like,human_authored,human_authored_phase3_bundle_v1,human_authored_heldout,300s,300,60,transformer,canonical,completed,0.8292682926829268,0.5074626865671642,0.6296296296296297,0.7398082588759535,0.8899841452080259,0.005128205128205128,49.0,61.0,1432,67,1365,5,6,6,<repo>/outputs\window_size_study\detector_window_zero_day_audit\zero_day_full_matrix\evaluations\human_authored__human_authored_heldout__human_authored_phase3_bundle_v1\300s\transformer\metrics.json,<repo>/outputs\window_size_study\detector_window_zero_day_audit\zero_day_full_matrix\evaluations\human_authored__human_authored_heldout__human_authored_phase3_bundle_v1\300s\transformer\predictions.parquet,Loaded from cached heldout synthetic evaluation artifact.
heldout_synthetic_zero_day_like,human_authored,human_authored_phase3_bundle_v1,human_authored_heldout,300s,300,60,gru,canonical,completed,0.8780487804878049,0.5373134328358209,0.6666666666666666,0.8089483088727148,0.9326991416543655,0.003663003663003663,61.0,61.0,1432,67,1365,5,6,6,<repo>/outputs\window_size_study\detector_window_zero_day_audit\zero_day_full_matrix\evaluations\human_authored__human_authored_heldout__human_authored_phase3_bundle_v1\300s\gru\metrics.json,<repo>/outputs\window_size_study\detector_window_zero_day_audit\zero_day_full_matrix\evaluations\human_authored__human_authored_heldout__human_authored_phase3_bundle_v1\300s\gru\predictions.parquet,Loaded from cached heldout synthetic evaluation artifact.
heldout_synthetic_zero_day_like,human_authored,human_authored_phase3_bundle_v1,human_authored_heldout,300s,300,60,lstm_ae,blocked,not_implemented,,,,,,,,,0,0,0,0,6,6,,,No LSTM autoencoder detector implementation exists; MLP autoencoder is reported separately as `autoencoder`.
heldout_synthetic_zero_day_like,human_authored,human_authored_phase3_bundle_v1,human_authored_heldout,300s,300,60,autoencoder,canonical,completed,0.05366726296958855,0.8955223880597015,0.10126582278481013,0.560969697121298,0.7689512961508248,0.7733918128654971,1.0,1.0,1435,67,1368,6,6,6,<repo>/outputs\window_size_study\detector_window_zero_day_audit\zero_day_full_matrix\evaluations\human_authored__human_authored_heldout__human_authored_phase3_bundle_v1\300s\autoencoder\metrics.json,<repo>/outputs\window_size_study\detector_window_zero_day_audit\zero_day_full_matrix\evaluations\human_authored__human_authored_heldout__human_authored_phase3_bundle_v1\300s\autoencoder\predictions.parquet,Loaded from cached heldout synthetic evaluation artifact.
heldout_synthetic_zero_day_like,human_authored,human_authored_phase3_bundle_v1,human_authored_heldout,300s,300,60,isolation_forest,canonical,completed,0.02196078431372549,0.417910447761194,0.041728763040238454,0.030644002242738312,0.2605284978615693,0.9115497076023392,491.0,301.0,1435,67,1368,6,6,6,<repo>/outputs\window_size_study\detector_window_zero_day_audit\zero_day_full_matrix\evaluations\human_authored__human_authored_heldout__human_authored_phase3_bundle_v1\300s\isolation_forest\metrics.json,<repo>/outputs\window_size_study\detector_window_zero_day_audit\zero_day_full_matrix\evaluations\human_authored__human_authored_heldout__human_authored_phase3_bundle_v1\300s\isolation_forest\predictions.parquet,Loaded from cached heldout synthetic evaluation artifact.
heldout_synthetic_zero_day_like,human_authored,human_authored_phase3_bundle_v1,human_authored_heldout,300s,300,60,threshold_baseline,canonical,completed,0.875,0.417910447761194,0.5656565656565656,0.6137603227098578,0.8161713363009514,0.0029239766081871343,61.0,61.0,1435,67,1368,2,6,6,<repo>/outputs\window_size_study\detector_window_zero_day_audit\zero_day_full_matrix\evaluations\human_authored__human_authored_heldout__human_authored_phase3_bundle_v1\300s\threshold_baseline\metrics.json,<repo>/outputs\window_size_study\detector_window_zero_day_audit\zero_day_full_matrix\evaluations\human_authored__human_authored_heldout__human_authored_phase3_bundle_v1\300s\threshold_baseline\predictions.parquet,Loaded from cached heldout synthetic evaluation artifact.
heldout_synthetic_zero_day_like,human_authored,human_authored_phase3_bundle_v1,human_authored_heldout,300s,300,60,ttm_extension,extension,not_run,,,,,,,,,0,0,0,0,6,6,,,"No saved TTM benchmark artifact exists for this window, so heldout synthetic inference was not run."
heldout_synthetic_zero_day_like,human_authored,human_authored_phase3_bundle_v1,human_authored_heldout,300s,300,60,arima,extension_blocked,not_implemented,,,,,,,,,0,0,0,0,6,6,,,ARIMA detector is not implemented in the repository.
heldout_synthetic_zero_day_like,human_authored,human_authored_phase3_bundle_v1,human_authored_heldout,300s,300,60,lstm,canonical,completed,0.9111111111111111,0.6119402985074627,0.7321428571428571,0.816373093263181,0.9075610956207971,0.0029304029304029304,71.0,61.0,1432,67,1365,6,6,6,<repo>/outputs\window_size_study\detector_window_zero_day_audit\zero_day_full_matrix\evaluations\human_authored__human_authored_heldout__human_authored_phase3_bundle_v1\300s\lstm\metrics.json,<repo>/outputs\window_size_study\detector_window_zero_day_audit\zero_day_full_matrix\evaluations\human_authored__human_authored_heldout__human_authored_phase3_bundle_v1\300s\lstm\predictions.parquet,Loaded from cached heldout synthetic evaluation artifact.
